,,,,,,,,,,const,CRIM,ZN,CHAS,NOX,,RM,DIS,RAD,TAX,PTRATIO,B,LSTAT,,,,,,
,,,,,,,,,,36.3411,-0.1084,0.0458,2.7187,-17.376,,3.8016,-1.4927,0.2996,-0.0118,-0.9465,0.0093,-0.5226,,,,,,
,,,,,,,,,,,,,,,,,,,,,,,,,,,,
,,,,,,,,,,,,,,,,,,,,,,,,,,,,
,,,,,,,,,,,,,,,,,,,,,,,,,,,,
,CRIM,ZN,INDUS,CHAS,NOX,RM,AGE,DIS,RAD,TAX,PTRATIO,B,LSTAT,price,const,,,,,,,,,,,,price_est,SST
0,0.00632,18,2.31,0,0.538,6.575,65.2,4.09,1,296,15.3,396.9,4.98,24,36.3411,-0.000685088,0.8244,0,-9.348288,24.99552,-6.105143,0.2996,-3.4928,-14.48145,3.69117,-2.602548,30.12087591,
1,0.02731,0,7.07,0,0.469,6.421,78.9,4.9671,2,242,17.8,396.9,9.14,21.6,36.3411,-0.002960404,0,0,-8.149344,24.4100736,-7.41439017,0.5992,-2.8556,-16.8477,3.69117,-4.776564,24.99498503,
2,0.02729,0,7.07,0,0.469,7.185,61.1,4.9671,2,242,17.8,392.83,4.03,34.7,36.3411,-0.002958236,0,0,-8.149344,27.314496,-7.41439017,0.5992,-2.8556,-16.8477,3.653319,-2.106078,30.53204459,
3,0.03237,0,2.18,0,0.458,6.998,45.8,6.0622,3,222,18.7,394.63,2.94,33.4,36.3411,-0.003508908,0,0,-7.958208,26.6035968,-9.04904594,0.8988,-2.6196,-17.69955,3.670059,-1.536444,28.64719895,
4,0.06905,0,2.18,0,0.458,7.147,54.2,6.0622,3,222,18.7,396.9,5.33,36.2,36.3411,-0.00748502,0,0,-7.958208,27.1700352,-9.04904594,0.8988,-2.6196,-17.69955,3.69117,-2.785458,27.98175824,
5,0.02985,0,2.18,0,0.458,6.43,58.7,6.0622,3,222,18.7,394.12,5.21,28.7,36.3411,-0.00323574,0,0,-7.958208,24.444288,-9.04904594,0.8988,-2.6196,-17.69955,3.665316,-2.722746,25.29711832,
6,0.08829,12.5,7.87,0,0.524,6.012,66.6,5.5605,5,311,15.2,395.6,12.43,22.9,36.3411,-0.009570636,0.5725,0,-9.105024,22.8552192,-8.30015835,1.498,-3.6698,-14.3868,3.67908,-6.495918,22.97862821,
7,0.14455,12.5,7.87,0,0.524,6.172,96.1,5.9505,5,311,15.2,396.9,19.15,27.1,36.3411,-0.01566922,0.5725,0,-9.105024,23.4634752,-8.88231135,1.498,-3.6698,-14.3868,3.69117,-10.00779,19.49885063,
8,0.21124,12.5,7.87,0,0.524,5.631,100,6.0821,5,311,15.2,386.63,29.93,16.5,36.3411,-0.022898416,0.5725,0,-9.105024,21.4068096,-9.07875067,1.498,-3.6698,-14.3868,3.595659,-15.641418,11.50937751,
9,0.17004,12.5,7.87,0,0.524,6.004,85.9,6.5921,5,311,15.2,386.71,17.1,18.9,36.3411,-0.018432336,0.5725,0,-9.105024,22.8248064,-9.84002767,1.498,-3.6698,-14.3868,3.596403,-8.93646,18.87626539,
10,0.22489,12.5,7.87,0,0.524,6.377,94.3,6.3467,5,311,15.2,392.52,20.45,15,36.3411,-0.024378076,0.5725,0,-9.105024,24.2428032,-9.47371909,1.498,-3.6698,-14.3868,3.650436,-10.68717,18.95794803,
11,0.11747,12.5,7.87,0,0.524,6.009,82.9,6.2267,5,311,15.2,396.9,13.27,18.9,36.3411,-0.012733748,0.5725,0,-9.105024,22.8438144,-9.29459509,1.498,-3.6698,-14.3868,3.69117,-6.934902,21.54272956,
12,0.09378,12.5,7.87,0,0.524,5.889,39,5.4509,5,311,15.2,390.5,15.71,21.7,36.3411,-0.010165752,0.5725,0,-9.105024,22.3876224,-8.13655843,1.498,-3.6698,-14.3868,3.63165,-8.210046,20.91247822,
13,0.62976,0,8.14,0,0.538,5.949,61.8,4.7075,4,307,21,396.9,8.26,20.4,36.3411,-0.068265984,0,0,-9.348288,22.6157184,-7.02688525,1.1984,-3.6226,-19.8765,3.69117,-4.316676,19.58717317,
14,0.63796,0,8.14,0,0.538,6.096,84.5,4.4619,4,307,21,380.02,10.26,18.2,36.3411,-0.069154864,0,0,-9.348288,23.1745536,-6.66027813,1.1984,-3.6226,-19.8765,3.534186,-5.361876,19.30954261,
15,0.62739,0,8.14,0,0.538,5.834,56.5,4.4986,4,307,21,395.62,8.47,19.9,36.3411,-0.068009076,0,0,-9.348288,22.1785344,-6.71506022,1.1984,-3.6226,-19.8765,3.679266,-4.426422,19.3404211,
16,1.05393,0,8.14,0,0.538,5.935,29.3,4.4986,4,307,21,386.85,6.58,23.1,36.3411,-0.114246012,0,0,-9.348288,22.562496,-6.71506022,1.1984,-3.6226,-19.8765,3.597705,-3.438708,20.58429877,
17,0.7842,0,8.14,0,0.538,5.99,81.7,4.2579,4,307,21,386.75,14.67,17.5,36.3411,-0.08500728,0,0,-9.348288,22.771584,-6.35576733,1.1984,-3.6226,-19.8765,3.596775,-7.666542,16.95315439,
18,0.80271,0,8.14,0,0.538,5.456,36.6,3.7965,4,307,21,288.99,11.69,20.2,36.3411,-0.087013764,0,0,-9.348288,20.7415296,-5.66703555,1.1984,-3.6226,-19.8765,2.687607,-6.109194,16.25800529,
19,0.7258,0,8.14,0,0.538,5.727,69.5,3.7965,4,307,21,390.95,11.28,18.2,36.3411,-0.07867672,0,0,-9.348288,21.7717632,-5.66703555,1.1984,-3.6226,-19.8765,3.635835,-5.894928,18.45906993,
20,1.25179,0,8.14,0,0.538,5.57,98.1,3.7979,4,307,21,376.57,21.02,13.6,36.3411,-0.135694036,0,0,-9.348288,21.174912,-5.66912533,1.1984,-3.6226,-19.8765,3.502101,-10.985052,12.57925363,
21,0.85204,0,8.14,0,0.538,5.965,89.2,4.0123,4,307,21,392.53,13.83,19.6,36.3411,-0.092361136,0,0,-9.348288,22.676544,-5.98916021,1.1984,-3.6226,-19.8765,3.650529,-7.227558,17.71010565,
22,1.23247,0,8.14,0,0.538,6.142,91.7,3.9769,4,307,21,396.9,18.72,15.2,36.3411,-0.133599748,0,0,-9.348288,23.3494272,-5.93631863,1.1984,-3.6226,-19.8765,3.69117,-9.783072,15.87971882,
23,0.98843,0,8.14,0,0.538,5.813,100,4.0952,4,307,21,394.54,19.88,14.5,36.3411,-0.107145812,0,0,-9.348288,22.0987008,-6.11290504,1.1984,-3.6226,-19.8765,3.669222,-10.389288,13.85069595,
24,0.75026,0,8.14,0,0.538,5.924,94.1,4.3996,4,307,21,394.33,16.3,15.6,36.3411,-0.081328184,0,0,-9.348288,22.5206784,-6.56728292,1.1984,-3.6226,-19.8765,3.667269,-8.51838,15.7130683,
25,0.84054,0,8.14,0,0.538,5.599,85.7,4.4546,4,307,21,303.42,16.51,13.9,36.3411,-0.091114536,0,0,-9.348288,21.2851584,-6.64938142,1.1984,-3.6226,-19.8765,2.821806,-8.628126,13.43045444,
26,0.67191,0,8.14,0,0.538,5.813,90.3,4.682,4,307,21,376.88,14.81,16.6,36.3411,-0.072835044,0,0,-9.348288,22.0987008,-6.9888214,1.1984,-3.6226,-19.8765,3.504984,-7.739706,15.49443436,
27,0.95577,0,8.14,0,0.538,6.047,88.8,4.4534,4,307,21,306.38,17.28,14.8,36.3411,-0.103605468,0,0,-9.348288,22.9882752,-6.64759018,1.1984,-3.6226,-19.8765,2.849334,-9.030528,14.74799755,
28,0.77299,0,8.14,0,0.538,6.495,94.4,4.4547,4,307,21,387.94,12.8,18.4,36.3411,-0.083792116,0,0,-9.348288,24.691392,-6.64953069,1.1984,-3.6226,-19.8765,3.607842,-6.68928,19.56874319,
29,1.00245,0,8.14,0,0.538,6.674,87.3,4.239,4,307,21,380.23,11.98,21,36.3411,-0.10866558,0,0,-9.348288,25.3718784,-6.3275553,1.1984,-3.6226,-19.8765,3.536139,-6.260748,20.90316052,
30,1.13081,0,8.14,0,0.538,5.713,94.1,4.233,4,307,21,360.17,22.6,12.7,36.3411,-0.122579804,0,0,-9.348288,21.7185408,-6.3185991,1.1984,-3.6226,-19.8765,3.349581,-11.81076,11.5082949,
31,1.35472,0,8.14,0,0.538,6.072,100,4.175,4,307,21,376.73,13.04,14.5,36.3411,-0.146851648,0,0,-9.348288,23.0833152,-6.2320225,1.1984,-3.6226,-19.8765,3.503589,-6.814704,18.08543805,
32,1.38799,0,8.14,0,0.538,5.95,82,3.99,4,307,21,232.6,27.71,13.2,36.3411,-0.150458116,0,0,-9.348288,22.61952,-5.955873,1.1984,-3.6226,-19.8765,2.16318,-14.481246,8.887234884,
33,1.15172,0,8.14,0,0.538,5.701,95,3.7872,4,307,21,358.77,18.35,13.1,36.3411,-0.124846448,0,0,-9.348288,21.6729216,-5.65315344,1.1984,-3.6226,-19.8765,3.336561,-9.58971,14.33388471,
34,1.61282,0,8.14,0,0.538,6.096,96.9,3.7598,4,307,21,248.31,20.34,13.5,36.3411,-0.174829688,0,0,-9.348288,23.1745536,-5.61225346,1.1984,-3.6226,-19.8765,2.309283,-10.629684,13.75918145,
35,0.06417,0,5.96,0,0.499,5.933,68.2,3.3603,5,279,19.2,396.9,9.68,18.9,36.3411,-0.006956028,0,0,-8.670624,22.5548928,-5.01591981,1.498,-3.2922,-18.1728,3.69117,-5.058768,23.86789496,
36,0.09744,0,5.96,0,0.499,5.841,61.4,3.3779,5,279,19.2,377.56,11.41,20,36.3411,-0.010562496,0,0,-8.670624,22.2051456,-5.04219133,1.498,-3.2922,-18.1728,3.511308,-5.962866,22.40430977,
37,0.08014,0,5.96,0,0.499,5.85,41.5,3.9342,5,279,19.2,396.9,8.77,21,36.3411,-0.008687176,0,0,-8.670624,22.23936,-5.87258034,1.498,-3.2922,-18.1728,3.69117,-4.583202,23.16953648,
38,0.17505,0,5.96,0,0.499,5.966,30.2,3.8473,5,279,19.2,393.43,10.13,24.7,36.3411,-0.01897542,0,0,-8.670624,22.6803456,-5.74286471,1.498,-3.2922,-18.1728,3.658899,-5.293938,22.98694247,
39,0.02763,75,2.95,0,0.428,6.595,21.8,5.4011,3,252,18.3,395.63,4.32,30.8,36.3411,-0.002995092,3.435,0,-7.436928,25.071552,-8.06222197,0.8988,-2.9736,-17.32095,3.679359,-2.257632,31.37148394,
40,0.03359,75,2.95,0,0.428,7.024,15.8,5.4011,3,252,18.3,395.62,1.98,34.9,36.3411,-0.003641156,3.435,0,-7.436928,26.7024384,-8.06222197,0.8988,-2.9736,-17.32095,3.679266,-1.034748,34.22451527,
41,0.12744,0,6.91,0,0.448,6.77,2.9,5.7209,3,233,17.9,385.41,4.84,26.6,36.3411,-0.013814496,0,0,-7.784448,25.736832,-8.53958743,0.8988,-2.7494,-16.94235,3.584313,-2.529384,28.00206107,
42,0.1415,0,6.91,0,0.448,6.169,6.6,5.7209,3,233,17.9,383.37,5.81,25.3,36.3411,-0.0153386,0,0,-7.784448,23.4520704,-8.53958743,0.8988,-2.7494,-16.94235,3.565341,-3.036306,25.18988137,
43,0.15936,0,6.91,0,0.448,6.211,6.5,5.7209,3,233,17.9,394.46,7.44,24.7,36.3411,-0.017274624,0,0,-7.784448,23.6117376,-8.53958743,0.8988,-2.7494,-16.94235,3.668478,-3.888144,24.59891155,
44,0.12269,0,6.91,0,0.448,6.069,40,5.7209,3,233,17.9,389.39,9.55,21.2,36.3411,-0.013299596,0,0,-7.784448,23.0719104,-8.53958743,0.8988,-2.7494,-16.94235,3.621327,-4.99083,22.91322237,
45,0.17142,0,6.91,0,0.448,5.682,33.8,5.1004,3,233,17.9,396.9,10.21,19.3,36.3411,-0.018581928,0,0,-7.784448,21.6006912,-7.61336708,0.8988,-2.7494,-16.94235,3.69117,-5.335746,22.08786819,
46,0.18836,0,6.91,0,0.448,5.786,33.3,5.1004,3,233,17.9,396.9,14.15,20,36.3411,-0.020418224,0,0,-7.784448,21.9960576,-7.61336708,0.8988,-2.7494,-16.94235,3.69117,-7.39479,20.4223543,
47,0.22927,0,6.91,0,0.448,6.03,85.5,5.6894,3,233,17.9,392.74,18.8,16.6,36.3411,-0.024852868,0,0,-7.784448,22.923648,-8.49256738,0.8988,-2.7494,-16.94235,3.652482,-9.82488,17.99753175,
48,0.25387,0,6.91,0,0.448,5.399,95.3,5.87,3,233,17.9,396.9,30.81,14.4,36.3411,-0.027519508,0,0,-7.784448,20.5248384,-8.762149,0.8988,-2.7494,-16.94235,3.69117,-16.101306,9.088735892,
49,0.21977,0,6.91,0,0.448,5.602,62,6.0877,3,233,17.9,396.9,16.2,19.4,36.3411,-0.023823068,0,0,-7.784448,21.2965632,-9.08710979,0.8988,-2.7494,-16.94235,3.69117,-8.46612,17.17438234,
50,0.08873,21,5.64,0,0.439,5.963,45.7,6.8147,4,243,16.8,395.56,13.45,19.7,36.3411,-0.009618332,0.9618,0,-7.628064,22.6689408,-10.17230269,1.1984,-2.8674,-15.9012,3.678708,-7.02897,21.24139378,
51,0.04337,21,5.64,0,0.439,6.115,63,6.8147,4,243,16.8,393.97,9.43,20.5,36.3411,-0.004701308,0.9618,0,-7.628064,23.246784,-10.17230269,1.1984,-2.8674,-15.9012,3.663921,-4.928118,23.910219,
52,0.0536,21,5.64,0,0.439,6.511,21.1,6.8147,4,243,16.8,396.9,5.28,25,36.3411,-0.00581024,0.9618,0,-7.628064,24.7522176,-10.17230269,1.1984,-2.8674,-15.9012,3.69117,-2.759328,27.61058267,
53,0.04981,21,5.64,0,0.439,5.998,21.4,6.8147,4,243,16.8,396.9,8.43,23.4,36.3411,-0.005399404,0.9618,0,-7.628064,22.8019968,-10.17230269,1.1984,-2.8674,-15.9012,3.69117,-4.405518,24.01458271,
54,0.0136,75,4,0,0.41,5.888,47.6,7.3197,3,469,21.1,396.9,14.8,18.9,36.3411,-0.00147424,3.435,0,-7.12416,22.3838208,-10.92611619,0.8988,-5.5342,-19.97115,3.69117,-7.73448,15.45831037,
55,0.01311,90,1.22,0,0.403,7.249,21.9,8.6966,5,226,17.9,395.93,4.81,35.4,36.3411,-0.001421124,4.122,0,-7.002528,27.5577984,-12.98141482,1.498,-2.6668,-16.94235,3.682149,-2.513706,31.09282746,
56,0.02055,85,0.74,0,0.41,6.383,35.7,9.1876,2,313,17.3,396.9,5.77,24.7,36.3411,-0.00222762,3.893,0,-7.12416,24.2656128,-13.71433052,0.5992,-3.6934,-16.37445,3.69117,-3.015402,24.86611266,
57,0.01432,100,1.32,0,0.411,6.816,40.5,8.3248,5,256,15.1,392.9,3.95,31.6,36.3411,-0.001552288,4.58,0,-7.141536,25.9117056,-12.42642896,1.498,-3.0208,-14.29215,3.65397,-2.06427,33.03803835,
58,0.15445,25,5.13,0,0.453,6.145,29.2,7.8148,8,284,19.7,390.68,6.86,23.3,36.3411,-0.01674238,1.145,0,-7.871328,23.360832,-11.66515196,2.3968,-3.3512,-18.64605,3.633324,-3.585036,21.74154766,
59,0.10328,25,5.13,0,0.453,5.927,47.2,6.932,8,284,19.7,396.9,9.22,19.6,36.3411,-0.011195552,1.145,0,-7.871328,22.5320832,-10.3473964,2.3968,-3.3512,-18.64605,3.69117,-4.818372,21.06061125,
60,0.14932,25,5.13,0,0.453,5.741,66.2,7.2254,8,284,19.7,395.11,13.15,18.7,36.3411,-0.016186288,1.145,0,-7.871328,21.8249856,-10.78535458,2.3968,-3.3512,-18.64605,3.674523,-6.87219,17.84009973,
61,0.17171,25,5.13,0,0.453,5.966,93.4,6.8185,8,284,19.7,378.08,14.44,16,36.3411,-0.018613364,1.145,0,-7.871328,22.6803456,-10.17797495,2.3968,-3.3512,-18.64605,3.516144,-7.546344,18.46787929,
62,0.11027,25,5.13,0,0.453,6.456,67.8,7.2255,8,284,19.7,396.9,6.73,22.2,36.3411,-0.011953268,1.145,0,-7.871328,24.5431296,-10.78550385,2.3968,-3.3512,-18.64605,3.69117,-3.517098,23.93406648,
63,0.1265,25,5.13,0,0.453,6.762,43.4,7.9809,8,284,19.7,395.58,9.5,25,36.3411,-0.0137126,1.145,0,-7.871328,25.7064192,-11.91308943,2.3968,-3.3512,-18.64605,3.678894,-4.9647,22.50813317,
64,0.01951,17.5,1.38,0,0.4161,7.104,59.5,9.2229,3,216,18.6,393.24,8.05,33,36.3411,-0.002114884,0.8015,0,-7.2301536,27.0065664,-13.76702283,0.8988,-2.5488,-17.6049,3.657132,-4.20693,23.34517709,
65,0.03584,80,3.37,0,0.398,6.29,17.8,6.6115,4,337,16.1,396.9,4.67,23.5,36.3411,-0.003885056,3.664,0,-6.915648,23.912064,-9.86898605,1.1984,-3.9766,-15.23865,3.69117,-2.440542,30.36242289,
66,0.04379,80,3.37,0,0.398,5.787,31.1,6.6115,4,337,16.1,396.9,10.24,19.4,36.3411,-0.004746836,3.664,0,-6.915648,21.9998592,-9.86898605,1.1984,-3.9766,-15.23865,3.69117,-5.351424,25.53847431,
67,0.05789,12.5,6.07,0,0.409,5.878,21.4,6.498,4,345,18.9,396.21,8.1,22,36.3411,-0.006275276,0.5725,0,-7.106784,22.3458048,-9.6995646,1.1984,-4.071,-17.88885,3.684753,-4.23306,21.13702392,
68,0.13554,12.5,6.07,0,0.409,5.594,36.8,6.498,4,345,18.9,396.9,13.09,17.4,36.3411,-0.014692536,0.5725,0,-7.106784,21.2661504,-9.6995646,1.1984,-4.071,-17.88885,3.69117,-6.840834,17.44759526,
69,0.12816,12.5,6.07,0,0.409,5.885,33,6.498,4,345,18.9,396.9,8.79,20.9,36.3411,-0.013892544,0.5725,0,-7.106784,22.372416,-9.6995646,1.1984,-4.071,-17.88885,3.69117,-4.593654,20.80184086,
70,0.08826,0,10.81,0,0.413,6.417,6.6,5.2873,4,305,19.2,383.73,6.72,24.2,36.3411,-0.009567384,0,0,-7.176288,24.3948672,-7.89235271,1.1984,-3.599,-18.1728,3.568689,-3.511872,25.14117611,
71,0.15876,0,10.81,0,0.413,5.961,17.5,5.2873,4,305,19.2,376.94,9.88,21.7,36.3411,-0.017209584,0,0,-7.176288,22.6613376,-7.89235271,1.1984,-3.599,-18.1728,3.505542,-5.163288,21.68544131,
72,0.09164,0,10.81,0,0.413,6.065,7.8,5.2873,4,305,19.2,390.91,5.52,22.8,36.3411,-0.009933776,0,0,-7.176288,23.056704,-7.89235271,1.1984,-3.599,-18.1728,3.635463,-2.884752,24.49654051,
73,0.19539,0,10.81,0,0.413,6.245,6.2,5.2873,4,305,19.2,377.17,7.54,23.4,36.3411,-0.021180276,0,0,-7.176288,23.740992,-7.89235271,1.1984,-3.599,-18.1728,3.507681,-3.940404,23.98614801,
74,0.07896,0,12.83,0,0.437,6.273,6,4.2515,5,398,18.7,394.92,6.78,24.1,36.3411,-0.008559264,0,0,-7.593312,23.8474368,-6.34621405,1.498,-4.6964,-17.69955,3.672756,-3.543228,25.47202949,
75,0.09512,0,12.83,0,0.437,6.286,45,4.5026,5,398,18.7,383.23,8.94,21.4,36.3411,-0.010311008,0,0,-7.593312,23.8968576,-6.72103102,1.498,-4.6964,-17.69955,3.564039,-4.672044,23.90734857,
76,0.10153,0,12.83,0,0.437,6.279,74.5,4.0522,5,398,18.7,373.66,11.97,20,36.3411,-0.011005852,0,0,-7.593312,23.8702464,-6.04871894,1.498,-4.6964,-17.69955,3.475038,-6.255522,22.87987561,
77,0.08707,0,12.83,0,0.437,6.14,45.8,4.0905,5,398,18.7,386.96,10.27,20.8,36.3411,-0.009438388,0,0,-7.593312,23.341824,-6.10588935,1.498,-4.6964,-17.69955,3.598728,-5.367102,23.30796026,
78,0.05646,0,12.83,0,0.437,6.232,53.7,5.0141,5,398,18.7,386.4,12.34,21.2,36.3411,-0.006120264,0,0,-7.593312,23.6915712,-7.48454707,1.498,-4.6964,-17.69955,3.59352,-6.448884,21.19537787,
79,0.08387,0,12.83,0,0.437,5.874,36.6,4.5026,5,398,18.7,396.06,9.1,20.3,36.3411,-0.009091508,0,0,-7.593312,22.3305984,-6.72103102,1.498,-4.6964,-17.69955,3.683358,-4.75566,22.37801187,
80,0.04113,25,4.86,0,0.426,6.727,33.5,5.4007,4,281,19,396.9,5.29,28,36.3411,-0.004458492,1.145,0,-7.402176,25.5733632,-8.06162489,1.1984,-3.3158,-17.9835,3.69117,-2.764554,28.41691982,
81,0.04462,25,4.86,0,0.426,6.619,70.4,5.4007,4,281,19,395.63,7.22,23.9,36.3411,-0.004836808,1.145,0,-7.402176,25.1627904,-8.06162489,1.1984,-3.3158,-17.9835,3.679359,-3.773172,26.9855397,
82,0.03659,25,4.86,0,0.426,6.302,32.2,5.4007,4,281,19,396.9,6.72,24.8,36.3411,-0.003966356,1.145,0,-7.402176,23.9576832,-8.06162489,1.1984,-3.3158,-17.9835,3.69117,-3.511872,26.05441395,
83,0.03551,25,4.86,0,0.426,6.167,46.7,5.4007,4,281,19,390.64,7.51,22.9,36.3411,-0.003849284,1.145,0,-7.402176,23.4444672,-8.06162489,1.1984,-3.3158,-17.9835,3.632952,-3.924726,25.07024303,
84,0.05059,0,4.49,0,0.449,6.389,48,4.7794,3,247,18.5,396.9,9.62,23.9,36.3411,-0.005483956,0,0,-7.801824,24.2884224,-7.13421038,0.8988,-2.9146,-17.51025,3.69117,-5.027412,24.82571206,
85,0.05735,0,4.49,0,0.449,6.63,56.1,4.4377,3,247,18.5,392.3,6.53,26.6,36.3411,-0.00621674,0,0,-7.801824,25.204608,-6.62415479,0.8988,-2.9146,-17.51025,3.64839,-3.412578,27.82327447,
86,0.05188,0,4.49,0,0.449,6.015,45.1,4.4272,3,247,18.5,395.99,12.86,22.5,36.3411,-0.005623792,0,0,-7.801824,22.866624,-6.60848144,0.8988,-2.9146,-17.51025,3.682707,-6.720636,22.22781577,
87,0.07151,0,4.49,0,0.449,6.121,56.8,3.7476,3,247,18.5,395.15,8.44,22.2,36.3411,-0.007751684,0,0,-7.801824,23.2695936,-5.59404252,0.8988,-2.9146,-17.51025,3.674895,-4.410744,25.9451764,
88,0.0566,0,3.41,0,0.489,7.007,86.3,3.4217,2,270,17.8,396.9,5.5,23.6,36.3411,-0.00613544,0,0,-8.496864,26.6378112,-5.10757159,0.5992,-3.186,-16.8477,3.69117,-2.8743,30.75071017,
89,0.05302,0,3.41,0,0.489,7.079,63.1,3.4145,2,270,17.8,396.06,5.7,28.7,36.3411,-0.005747368,0,0,-8.496864,26.9115264,-5.09682415,0.5992,-3.186,-16.8477,3.683358,-2.97882,30.92322888,
90,0.04684,0,3.41,0,0.489,6.417,66.1,3.0923,2,270,17.8,392.18,8.81,22.6,36.3411,-0.005077456,0,0,-8.496864,24.3948672,-4.61587621,0.5992,-3.186,-16.8477,3.647274,-4.604106,27.22681753,
91,0.03932,0,3.41,0,0.489,6.405,73.9,3.0921,2,270,17.8,393.55,8.2,22,36.3411,-0.004262288,0,0,-8.496864,24.349248,-4.61557767,0.5992,-3.186,-16.8477,3.660015,-4.28532,27.51383904,
92,0.04203,28,15.04,0,0.464,6.442,53.6,3.6659,4,270,18.2,395.01,8.16,22.9,36.3411,-0.004556052,1.2824,0,-8.062464,24.4899072,-5.47208893,1.1984,-3.186,-17.2263,3.673593,-4.264416,28.76957522,
93,0.02875,28,15.04,0,0.464,6.211,28.9,3.6659,4,270,18.2,396.33,6.21,25,36.3411,-0.0031165,1.2824,0,-8.062464,23.6117376,-5.47208893,1.1984,-3.186,-17.2263,3.685869,-3.245346,28.92419117,
94,0.04294,28,15.04,0,0.464,6.249,77.3,3.615,4,270,18.2,396.9,10.59,20.6,36.3411,-0.004654696,1.2824,0,-8.062464,23.7561984,-5.3961105,1.1984,-3.186,-17.2263,3.69117,-5.534334,26.8594052,
95,0.12204,0,2.89,0,0.445,6.625,57.8,3.4952,2,276,18,357.98,6.65,28.4,36.3411,-0.013229136,0,0,-7.73232,25.1856,-5.21728504,0.5992,-3.2568,-17.037,3.329214,-3.47529,28.72318982,
96,0.11504,0,2.89,0,0.445,6.163,69.6,3.4952,2,276,18,391.83,11.34,21.4,36.3411,-0.012470336,0,0,-7.73232,23.4292608,-5.21728504,0.5992,-3.2568,-17.037,3.644019,-5.926284,24.83142042,
97,0.12083,0,2.89,0,0.445,8.069,76,3.4952,2,276,18,396.9,4.21,38.7,36.3411,-0.013097972,0,0,-7.73232,30.6751104,-5.21728504,0.5992,-3.2568,-17.037,3.69117,-2.200146,35.84993139,
98,0.08187,0,2.89,0,0.445,7.82,36.9,3.4952,2,276,18,393.53,3.57,43.8,36.3411,-0.008874708,0,0,-7.73232,29.728512,-5.21728504,0.5992,-3.2568,-17.037,3.659829,-1.865682,35.21067925,
99,0.0686,0,2.89,0,0.445,7.416,62.5,3.4952,2,276,18,396.9,6.19,33.2,36.3411,-0.00743624,0,0,-7.73232,28.1926656,-5.21728504,0.5992,-3.2568,-17.037,3.69117,-3.234894,32.33840032,
100,0.14866,0,8.56,0,0.52,6.727,79.9,2.7778,5,384,20.9,394.76,9.42,27.5,36.3411,-0.016114744,0,0,-9.03552,25.5733632,-4.14642206,1.498,-4.5312,-19.78185,3.671268,-4.922892,24.6497324,
101,0.11432,0,8.56,0,0.52,6.781,71.3,2.8561,5,384,20.9,395.58,7.67,26.5,36.3411,-0.012392288,0,0,-9.03552,25.7786496,-4.26330047,1.498,-4.5312,-19.78185,3.678894,-4.008342,25.66403884,
102,0.22876,0,8.56,0,0.52,6.405,85.4,2.7147,5,384,20.9,70.8,10.63,18.6,36.3411,-0.024797584,0,0,-9.03552,24.349248,-4.05223269,1.498,-4.5312,-19.78185,0.65844,-5.555238,19.86594973,
103,0.21161,0,8.56,0,0.52,6.137,87.4,2.7147,5,384,20.9,394.47,13.44,19.3,36.3411,-0.022938524,0,0,-9.03552,23.3304192,-4.05223269,1.498,-4.5312,-19.78185,3.668571,-7.023744,20.39060499,
104,0.1396,0,8.56,0,0.52,6.167,90,2.421,5,384,20.9,392.69,12.33,20.1,36.3411,-0.01513264,0,0,-9.03552,23.4444672,-3.6138267,1.498,-4.5312,-19.78185,3.652017,-6.443658,21.51439686,
105,0.13262,0,8.56,0,0.52,5.851,96.7,2.1069,5,384,20.9,394.05,16.47,19.5,36.3411,-0.014376008,0,0,-9.03552,22.2431616,-3.14496963,1.498,-4.5312,-19.78185,3.664665,-8.607222,18.63178896,
106,0.1712,0,8.56,0,0.52,5.836,91.9,2.211,5,384,20.9,395.67,18.66,19.5,36.3411,-0.01855808,0,0,-9.03552,22.1861376,-3.3003597,1.498,-4.5312,-19.78185,3.679731,-9.751716,17.28576482,
107,0.13117,0,8.56,0,0.52,6.127,85.2,2.1224,5,384,20.9,387.69,14.09,20.4,36.3411,-0.014218828,0,0,-9.03552,23.2924032,-3.16810648,1.498,-4.5312,-19.78185,3.605517,-7.363434,20.84269089,
108,0.12802,0,8.56,0,0.52,6.474,97.1,2.4329,5,384,20.9,395.24,12.27,19.8,36.3411,-0.013877368,0,0,-9.03552,24.6115584,-3.63158983,1.498,-4.5312,-19.78185,3.675732,-6.412302,22.7200512,
109,0.26363,0,8.56,0,0.52,6.229,91.2,2.5451,5,384,20.9,391.23,15.55,19.4,36.3411,-0.028577492,0,0,-9.03552,23.6801664,-3.79907077,1.498,-4.5312,-19.78185,3.638439,-8.12643,19.85505714,
110,0.10793,0,8.56,0,0.52,6.195,54.4,2.7778,5,384,20.9,393.49,13,21.7,36.3411,-0.011699612,0,0,-9.03552,23.550912,-4.14642206,1.498,-4.5312,-19.78185,3.659457,-6.7938,20.74897733,
111,0.10084,0,10.01,0,0.547,6.715,81.6,2.6775,6,432,17.8,395.59,10.16,22.8,36.3411,-0.010931056,0,0,-9.504672,25.527744,-3.99670425,1.7976,-5.0976,-16.8477,3.678987,-5.309616,26.57820769,
112,0.12329,0,10.01,0,0.547,5.913,92.9,2.3534,6,432,17.8,394.95,16.21,18.8,36.3411,-0.013364636,0,0,-9.504672,22.4788608,-3.51292018,1.7976,-5.0976,-16.8477,3.673035,-8.471346,20.84299298,
113,0.22212,0,10.01,0,0.547,6.092,95.4,2.548,6,432,17.8,396.9,17.09,18.7,36.3411,-0.024077808,0,0,-9.504672,23.1593472,-3.8033996,1.7976,-5.0976,-16.8477,3.69117,-8.931234,20.78053379,
114,0.14231,0,10.01,0,0.547,6.254,84.2,2.2565,6,432,17.8,388.74,10.45,18.5,36.3411,-0.015426404,0,0,-9.504672,23.7752064,-3.36827755,1.7976,-5.0976,-16.8477,3.615282,-5.46117,25.23434245,
115,0.17134,0,10.01,0,0.547,5.928,88.2,2.4631,6,432,17.8,344.91,15.76,18.3,36.3411,-0.018573256,0,0,-9.504672,22.5358848,-3.67666937,1.7976,-5.0976,-16.8477,3.207663,-8.236176,20.50085717,
116,0.13158,0,10.01,0,0.547,6.176,72.5,2.7301,6,432,17.8,393.3,12.04,21.2,36.3411,-0.014263272,0,0,-9.504672,23.4786816,-4.07522027,1.7976,-5.0976,-16.8477,3.65769,-6.292104,23.44351206,
117,0.15098,0,10.01,0,0.547,6.021,82.6,2.7474,6,432,17.8,394.51,10.3,19.2,36.3411,-0.016366232,0,0,-9.504672,22.8894336,-4.10104398,1.7976,-5.0976,-16.8477,3.668943,-5.38278,23.74691439,
118,0.13058,0,10.01,0,0.547,5.872,73.1,2.4775,6,432,17.8,338.63,15.37,20.4,36.3411,-0.014154872,0,0,-9.504672,22.3229952,-3.69816425,1.7976,-5.0976,-16.8477,3.149259,-8.032362,20.41630108,
119,0.14476,0,10.01,0,0.547,5.731,65.2,2.7592,6,432,17.8,391.5,13.61,19.3,36.3411,-0.015691984,0,0,-9.504672,21.7869696,-4.11865784,1.7976,-5.0976,-16.8477,3.64095,-7.112586,20.86971178,
120,0.06899,0,25.65,0,0.581,5.87,69.7,2.2577,2,188,19.1,389.15,14.37,22,36.3411,-0.007478516,0,0,-10.095456,22.315392,-3.37006879,0.5992,-2.2184,-18.07815,3.619095,-7.509762,21.59547169,
121,0.07165,0,25.65,0,0.581,6.004,84.1,2.1974,2,188,19.1,377.67,14.27,20.3,36.3411,-0.00776686,0,0,-10.095456,22.8248064,-3.28005898,0.5992,-2.2184,-18.07815,3.512331,-7.457502,22.14010356,
122,0.09299,0,25.65,0,0.581,5.961,92.9,2.0869,2,188,19.1,378.09,17.93,20.5,36.3411,-0.010080116,0,0,-10.095456,22.6613376,-3.11511563,0.5992,-2.2184,-18.07815,3.516237,-9.370218,20.23045485,
123,0.15038,0,25.65,0,0.581,5.856,97,1.9444,2,188,19.1,370.31,25.41,17.3,36.3411,-0.016301192,0,0,-10.095456,22.2621696,-2.90240588,0.5992,-2.2184,-18.07815,3.443883,-13.279266,16.05637353,
124,0.09849,0,25.65,0,0.581,5.879,95.8,2.0063,2,188,19.1,379.38,17.58,18.8,36.3411,-0.010676316,0,0,-10.095456,22.3496064,-2.99480401,0.5992,-2.2184,-18.07815,3.528234,-9.187308,20.23334607,
125,0.16902,0,25.65,0,0.581,5.986,88.4,1.9929,2,188,19.1,385.02,14.81,21.4,36.3411,-0.018321768,0,0,-10.095456,22.7563776,-2.97480183,0.5992,-2.2184,-18.07815,3.580686,-7.739706,22.152528,
126,0.38735,0,25.65,0,0.581,5.613,95.6,1.7572,2,188,19.1,359.29,27.26,15.7,36.3411,-0.04198874,0,0,-10.095456,21.3383808,-2.62297244,0.5992,-2.2184,-18.07815,3.341397,-14.246076,14.31703462,
127,0.25915,0,21.89,0,0.624,5.693,96,1.7883,4,437,21.2,392.11,17.19,16.2,36.3411,-0.02809186,0,0,-10.842624,21.6425088,-2.66939541,1.1984,-5.1566,-20.0658,3.646623,-8.983494,15.08262653,
128,0.32543,0,21.89,0,0.624,6.431,98.8,1.8125,4,437,21.2,396.9,15.39,18,36.3411,-0.035276612,0,0,-10.842624,24.4480896,-2.70551875,1.1984,-5.1566,-20.0658,3.69117,-8.042814,18.83012624,
129,0.88125,0,21.89,0,0.624,5.637,94.7,1.9799,4,437,21.2,396.9,18.34,14.3,36.3411,-0.0955275,0,0,-10.842624,21.4296192,-2.95539673,1.1984,-5.1566,-20.0658,3.69117,-9.584484,13.95985697,
130,0.34006,0,21.89,0,0.624,6.458,98.9,2.1185,4,437,21.2,395.04,12.6,19.2,36.3411,-0.036862504,0,0,-10.842624,24.5507328,-3.16228495,1.1984,-5.1566,-20.0658,3.673872,-6.58476,19.91517335,
131,1.19294,0,21.89,0,0.624,6.326,97.7,2.271,4,437,21.2,396.9,12.26,19.6,36.3411,-0.129314696,0,0,-10.842624,24.0489216,-3.3899217,1.1984,-5.1566,-20.0658,3.69117,-6.407076,19.2882552,
132,0.59005,0,21.89,0,0.624,6.372,97.9,2.3274,4,437,21.2,385.76,11.12,23,36.3411,-0.06396142,0,0,-10.842624,24.2237952,-3.47410998,1.1984,-5.1566,-20.0658,3.587568,-5.811312,19.9364558,
133,0.32982,0,21.89,0,0.624,5.822,95.4,2.4699,4,437,21.2,388.69,15.03,18.4,36.3411,-0.035752488,0,0,-10.842624,22.1329152,-3.68681973,1.1984,-5.1566,-20.0658,3.614817,-7.854678,15.64495798,
134,0.97617,0,21.89,0,0.624,5.757,98.4,2.346,4,437,21.2,262.76,17.31,15.6,36.3411,-0.105816828,0,0,-10.842624,21.8858112,-3.5018742,1.1984,-5.1566,-20.0658,2.443668,-9.046206,13.15005817,
135,0.55778,0,21.89,0,0.624,6.335,98.2,2.1107,4,437,21.2,394.67,16.96,18.1,36.3411,-0.060463352,0,0,-10.842624,24.083136,-3.15064189,1.1984,-5.1566,-20.0658,3.670431,-8.863296,17.15364176,
136,0.32264,0,21.89,0,0.624,5.942,93.5,1.9669,4,437,21.2,378.25,16.9,17.4,36.3411,-0.034974176,0,0,-10.842624,22.5891072,-2.93599163,1.1984,-5.1566,-20.0658,3.517725,-8.83194,15.77840239,
137,0.35233,0,21.89,0,0.624,6.454,98.4,1.8498,4,437,21.2,394.08,14.59,17.1,36.3411,-0.038192572,0,0,-10.842624,24.5355264,-2.76119646,1.1984,-5.1566,-20.0658,3.664944,-7.624734,19.25082337,
138,0.2498,0,21.89,0,0.624,5.857,98.2,1.6686,4,437,21.2,392.04,21.32,13.3,36.3411,-0.02707832,0,0,-10.842624,22.2659712,-2.49071922,1.1984,-5.1566,-20.0658,3.645972,-11.141832,13.72678966,
139,0.54452,0,21.89,0,0.624,6.151,97.9,1.6687,4,437,21.2,396.9,18.46,17.8,36.3411,-0.059025968,0,0,-10.842624,23.3836416,-2.49086849,1.1984,-5.1566,-20.0658,3.69117,-9.647196,16.35219714,
140,0.2909,0,21.89,0,0.624,6.174,93.6,1.6119,4,437,21.2,388.08,24.16,14,36.3411,-0.03153356,0,0,-10.842624,23.4710784,-2.40608313,1.1984,-5.1566,-20.0658,3.609144,-12.626016,13.49106571,
141,1.62864,0,21.89,0,0.624,5.019,100,1.4394,4,437,21.2,396.9,34.41,14.4,36.3411,-0.176544576,0,0,-10.842624,19.0802304,-2.14859238,1.1984,-5.1566,-20.0658,3.69117,-17.982666,3.938073444,
142,3.32105,0,19.58,1,0.871,5.403,100,1.3216,5,403,14.7,396.9,26.82,13.4,36.3411,-0.36000182,0,2.7187,-15.134496,20.5400448,-1.97275232,1.498,-4.7554,-13.91355,3.69117,-14.016132,14.63668266,
143,4.0974,0,19.58,0,0.871,5.468,100,1.4118,5,403,14.7,396.9,26.42,15.6,36.3411,-0.44415816,0,0,-15.134496,20.7871488,-2.10739386,1.498,-4.7554,-13.91355,3.69117,-13.807092,12.15532878,
144,2.77974,0,19.58,0,0.871,4.903,97.8,1.3459,5,403,14.7,396.9,29.29,11.8,36.3411,-0.301323816,0,0,-15.134496,18.6392448,-2.00902493,1.498,-4.7554,-13.91355,3.69117,-15.306954,8.748766054,
145,2.37934,0,19.58,0,0.871,6.13,100,1.4191,5,403,14.7,172.91,27.8,13.8,36.3411,-0.257920456,0,0,-15.134496,23.303808,-2.11829057,1.498,-4.7554,-13.91355,1.608063,-14.52828,12.04303397,
146,2.15505,0,19.58,0,0.871,5.628,100,1.5166,5,403,14.7,169.27,16.65,15.6,36.3411,-0.23360742,0,0,-15.134496,21.3954048,-2.26382882,1.498,-4.7554,-13.91355,1.574211,-8.70129,15.80654356,
147,2.36862,0,19.58,0,0.871,4.926,95.7,1.4608,5,403,14.7,391.71,29.53,14.6,36.3411,-0.256758408,0,0,-15.134496,18.7266816,-2.18053616,1.498,-4.7554,-13.91355,3.642903,-15.432378,8.535566032,
148,2.33099,0,19.58,0,0.871,5.186,93.8,1.5296,5,403,14.7,356.99,28.32,17.8,36.3411,-0.252679316,0,0,-15.134496,19.7150976,-2.28323392,1.498,-4.7554,-13.91355,3.320007,-14.800032,9.734813364,
149,2.73397,0,19.58,0,0.871,5.597,94.9,1.5257,5,403,14.7,351.85,21.45,15.4,36.3411,-0.296362348,0,0,-15.134496,21.2775552,-2.27741239,1.498,-4.7554,-13.91355,3.272205,-11.20977,14.80186946,
150,1.6566,0,19.58,0,0.871,6.122,97.3,1.618,5,403,14.7,372.8,14.1,21.5,36.3411,-0.17957544,0,0,-15.134496,23.2733952,-2.4151886,1.498,-4.7554,-13.91355,3.46704,-7.36866,20.81266516,
151,1.49632,0,19.58,0,0.871,5.404,100,1.5916,5,403,14.7,341.6,13.28,19.6,36.3411,-0.162201088,0,0,-15.134496,20.5438464,-2.37578132,1.498,-4.7554,-13.91355,3.17688,-6.940128,18.27826999,
152,1.12658,0,19.58,1,0.871,5.012,88,1.6102,5,403,14.7,343.28,12.12,15.3,36.3411,-0.122121272,0,2.7187,-15.134496,19.0536192,-2.40354554,1.498,-4.7554,-13.91355,3.192504,-6.333912,20.14089839,
153,2.14918,0,19.58,0,0.871,5.709,98.5,1.6232,5,403,14.7,261.95,15.79,19.4,36.3411,-0.232971112,0,0,-15.134496,21.7033344,-2.42295064,1.498,-4.7554,-13.91355,2.436135,-8.251854,17.26734765,
154,1.41385,0,19.58,1,0.871,6.129,96,1.7494,5,403,14.7,321.02,15.12,17,36.3411,-0.15326134,0,2.7187,-15.134496,23.3000064,-2.61132938,1.498,-4.7554,-13.91355,2.985486,-7.901712,22.37354368,
155,3.53501,0,19.58,1,0.871,6.152,82.6,1.7455,5,403,14.7,88.01,15.02,15.6,36.3411,-0.383195084,0,2.7187,-15.134496,23.3874432,-2.60550785,1.498,-4.7554,-13.91355,0.818493,-7.849452,20.12213527,
156,2.44668,0,19.58,0,0.871,5.272,94,1.7364,5,403,14.7,88.63,16.14,13.1,36.3411,-0.265220112,0,0,-15.134496,20.0420352,-2.59192428,1.498,-4.7554,-13.91355,0.824259,-8.434764,13.61003981,
157,1.22358,0,19.58,0,0.605,6.943,97.4,1.8773,5,403,14.7,363.43,4.59,41.3,36.3411,-0.132636072,0,0,-10.51248,26.3945088,-2.80224571,1.498,-4.7554,-13.91355,3.379899,-2.398734,33.09846202,
158,1.34284,0,19.58,0,0.605,6.066,100,1.7573,5,403,14.7,353.89,6.43,24.3,36.3411,-0.145563856,0,0,-10.51248,23.0605056,-2.62312171,1.498,-4.7554,-13.91355,3.291177,-3.360318,28.88034903,
159,1.42502,0,19.58,0,0.871,6.51,100,1.7659,5,403,14.7,364.31,7.39,23.3,36.3411,-0.154472168,0,0,-15.134496,24.748416,-2.63595893,1.498,-4.7554,-13.91355,3.388083,-3.862014,25.5197079,
160,1.27346,0,19.58,1,0.605,6.25,92.6,1.7984,5,403,14.7,338.92,5.5,27,36.3411,-0.138043064,0,2.7187,-10.51248,23.76,-2.68447168,1.498,-4.7554,-13.91355,3.151956,-2.8743,32.59151126,
161,1.46336,0,19.58,0,0.605,7.489,90.8,1.9709,5,403,14.7,374.43,1.73,50,36.3411,-0.158628224,0,0,-10.51248,28.4701824,-2.94196243,1.498,-4.7554,-13.91355,3.482199,-0.904098,36.60536275,
162,1.83377,0,19.58,1,0.605,7.802,98.2,2.0407,5,403,14.7,389.61,1.92,50,36.3411,-0.198780668,0,2.7187,-10.51248,29.6600832,-3.04615289,1.498,-4.7554,-13.91355,3.623373,-1.003392,40.41150064,
163,1.51902,0,19.58,1,0.605,8.375,93.9,2.162,5,403,14.7,388.45,3.32,50,36.3411,-0.164661768,0,2.7187,-10.51248,31.8384,-3.2272174,1.498,-4.7554,-13.91355,3.612585,-1.735032,41.70044383,
164,2.24236,0,19.58,0,0.605,5.854,91.8,2.422,5,403,14.7,395.11,11.64,22.7,36.3411,-0.243071824,0,0,-10.51248,22.2545664,-3.6153194,1.498,-4.7554,-13.91355,3.674523,-6.083064,24.64530418,
165,2.924,0,19.58,0,0.605,6.101,93,2.2834,5,403,14.7,240.16,9.81,25,36.3411,-0.3169616,0,0,-10.51248,23.1935616,-3.40843118,1.498,-4.7554,-13.91355,2.233488,-5.126706,25.23262082,
166,2.01019,0,19.58,0,0.605,7.929,96.2,2.0459,5,403,14.7,369.3,3.7,50,36.3411,-0.217904596,0,0,-10.51248,30.1428864,-3.05391493,1.498,-4.7554,-13.91355,3.43449,-1.93362,37.02960687,
167,1.80028,0,19.58,0,0.605,5.877,79.2,2.4259,5,403,14.7,227.61,12.14,23.8,36.3411,-0.195150352,0,0,-10.51248,22.3420032,-3.62114093,1.498,-4.7554,-13.91355,2.116773,-6.344364,22.95579092,
168,2.3004,0,19.58,0,0.605,6.319,96.1,2.1,5,403,14.7,297.09,11.1,23.8,36.3411,-0.24936336,0,0,-10.51248,24.0223104,-3.13467,1.498,-4.7554,-13.91355,2.762937,-5.80086,26.25802404,
169,2.44953,0,19.58,0,0.605,6.402,95.2,2.2625,5,403,14.7,330.04,11.32,22.3,36.3411,-0.265529052,0,0,-10.51248,24.3378432,-3.37723375,1.498,-4.7554,-13.91355,3.069372,-5.915832,26.5062904,
170,1.20742,0,19.58,0,0.605,5.875,94.6,2.4259,5,403,14.7,292.29,14.43,17.4,36.3411,-0.130884328,0,0,-10.51248,22.3344,-3.62114093,1.498,-4.7554,-13.91355,2.718297,-7.541118,22.41722374,
171,2.3139,0,19.58,0,0.605,5.88,97.3,2.3887,5,403,14.7,348.13,12.03,19.1,36.3411,-0.25082676,0,0,-10.51248,22.353408,-3.56561249,1.498,-4.7554,-13.91355,3.237609,-6.286878,24.14536975,
172,0.13914,0,4.05,0,0.51,5.572,88.5,2.5961,5,296,16.6,396.9,14.69,23.1,36.3411,-0.015082776,0,0,-8.86176,21.1825152,-3.87519847,1.498,-3.4928,-15.7119,3.69117,-7.676994,23.07904995,
173,0.09178,0,4.05,0,0.51,6.416,84.1,2.6463,5,296,16.6,395.5,9.04,23.6,36.3411,-0.009948952,0,0,-8.86176,24.3910656,-3.95013201,1.498,-3.4928,-15.7119,3.67815,-4.724304,29.15747064,
174,0.08447,0,4.05,0,0.51,5.859,68.7,2.7019,5,296,16.6,393.23,9.64,22.6,36.3411,-0.009156548,0,0,-8.86176,22.2735744,-4.03312613,1.498,-3.4928,-15.7119,3.657039,-5.037864,26.62310672,
175,0.06664,0,4.05,0,0.51,6.546,33.1,3.1323,5,296,16.6,390.96,5.33,29.4,36.3411,-0.007223776,0,0,-8.86176,24.8852736,-4.67558421,1.498,-3.4928,-15.7119,3.635928,-2.785458,30.82557561,
176,0.07022,0,4.05,0,0.51,6.02,47.2,3.5549,5,296,16.6,393.23,10.11,23.2,36.3411,-0.007611848,0,0,-8.86176,22.885632,-5.30639923,1.498,-3.4928,-15.7119,3.657039,-5.283486,25.71781392,
177,0.05425,0,4.05,0,0.51,6.315,73.4,3.3175,5,296,16.6,395.6,6.29,24.6,36.3411,-0.0058807,0,0,-8.86176,24.007104,-4.95203225,1.498,-3.4928,-15.7119,3.67908,-3.287154,29.21375705,
178,0.06642,0,4.05,0,0.51,6.86,74.4,2.9153,5,296,16.6,391.27,6.92,29.9,36.3411,-0.007199928,0,0,-8.86176,26.078976,-4.35166831,1.498,-3.4928,-15.7119,3.638811,-3.616392,31.51516676,
179,0.0578,0,2.46,0,0.488,6.98,58.4,2.829,3,193,17.8,396.9,5.04,37.2,36.3411,-0.00626552,0,0,-8.479488,26.535168,-4.2228483,0.8988,-2.2774,-16.8477,3.69117,-2.633904,32.99863218,
180,0.06588,0,2.46,0,0.488,7.765,83.3,2.741,3,193,17.8,395.56,7.56,39.8,36.3411,-0.007141392,0,0,-8.479488,29.519424,-4.0914907,0.8988,-2.2774,-16.8477,3.678708,-3.950856,34.78395591,
181,0.06888,0,2.46,0,0.488,6.144,62.2,2.5979,3,193,17.8,396.9,9.45,36.2,36.3411,-0.007466592,0,0,-8.479488,23.3570304,-3.87788533,0.8988,-2.2774,-16.8477,3.69117,-4.93857,27.85959048,
182,0.09103,0,2.46,0,0.488,7.155,92.2,2.7006,3,193,17.8,394.12,4.82,37.9,36.3411,-0.009867652,0,0,-8.479488,27.200448,-4.03118562,0.8988,-2.2774,-16.8477,3.665316,-2.518932,33.94109073,
183,0.10008,0,2.46,0,0.488,6.563,95.6,2.847,3,193,17.8,396.9,5.68,32.5,36.3411,-0.010848672,0,0,-8.479488,24.9499008,-4.2497169,0.8988,-2.2774,-16.8477,3.69117,-2.968368,31.04744923,
184,0.08308,0,2.46,0,0.488,5.604,89.8,2.9879,3,193,17.8,391,13.98,26.4,36.3411,-0.009005872,0,0,-8.479488,21.3041664,-4.46003833,0.8988,-2.2774,-16.8477,3.6363,-7.305948,22.8007862,
185,0.06047,0,2.46,0,0.488,6.153,68.8,3.2797,3,193,17.8,387.11,13.15,29.6,36.3411,-0.006554948,0,0,-8.479488,23.3912448,-4.89560819,0.8988,-2.2774,-16.8477,3.600123,-6.87219,24.85232666,
186,0.05602,0,2.46,0,0.488,7.831,53.6,3.1992,3,193,17.8,392.63,4.45,50,36.3411,-0.006072568,0,0,-8.479488,29.7703296,-4.77544584,0.8988,-2.2774,-16.8477,3.651459,-2.32557,35.95001219,
187,0.07875,45,3.44,0,0.437,6.782,41.1,3.7886,5,398,15.2,393.87,6.68,32,36.3411,-0.0085365,2.061,0,-7.593312,25.7824512,-5.65524322,1.498,-4.6964,-14.3868,3.662991,-3.490968,33.51428248,
188,0.12579,45,3.44,0,0.437,6.556,29.1,4.5667,5,398,15.2,382.84,4.56,29.8,36.3411,-0.013635636,2.061,0,-7.593312,24.9232896,-6.81671309,1.498,-4.6964,-14.3868,3.560412,-2.383056,32.49388487,
189,0.0837,45,3.44,0,0.437,7.185,38.9,4.5667,5,398,15.2,396.9,5.39,34.9,36.3411,-0.00907308,2.061,0,-7.593312,27.314496,-6.81671309,1.498,-4.6964,-14.3868,3.69117,-2.816814,34.58665383,
190,0.09068,45,3.44,0,0.437,6.951,21.5,6.4798,5,398,15.2,377.68,5.1,37,36.3411,-0.009829712,2.061,0,-7.593312,26.4249216,-9.67239746,1.498,-4.6964,-14.3868,3.512424,-2.66526,30.81344643,
191,0.06911,45,3.44,0,0.437,6.739,30.8,6.4798,5,398,15.2,389.71,4.69,30.5,36.3411,-0.007491524,2.061,0,-7.593312,25.6189824,-9.67239746,1.498,-4.6964,-14.3868,3.624303,-2.450994,30.33599042,
192,0.08664,45,3.44,0,0.437,7.178,26.3,6.4798,5,398,15.2,390.49,2.87,36.4,36.3411,-0.009391776,2.061,0,-7.593312,27.2878848,-9.67239746,1.498,-4.6964,-14.3868,3.631557,-1.499862,32.96137856,
193,0.02187,60,2.93,0,0.401,6.8,9.9,6.2196,1,265,15.6,393.37,5.03,31.1,36.3411,-0.002370708,2.748,0,-6.967776,25.85088,-9.28399692,0.2996,-3.127,-14.7654,3.658341,-2.628678,32.12269937,
194,0.01439,60,2.93,0,0.401,6.604,18.8,6.2196,1,265,15.6,376.7,4.38,29.1,36.3411,-0.001559876,2.748,0,-6.967776,25.1057664,-9.28399692,0.2996,-3.127,-14.7654,3.50331,-2.288988,31.5630556,
195,0.01381,80,0.46,0,0.422,7.875,32,5.6484,4,255,14.4,394.23,2.97,50,36.3411,-0.001497004,3.664,0,-7.332672,29.9376,-8.43136668,1.1984,-3.009,-13.6296,3.666339,-1.552122,40.85118132,
196,0.04011,80,1.52,0,0.404,7.287,34.1,7.309,2,329,12.6,396.9,4.08,33.3,36.3411,-0.004347924,3.664,0,-7.019904,27.7022592,-10.9101443,0.5992,-3.8822,-11.9259,3.69117,-2.132208,36.12302498,
197,0.04666,80,1.52,0,0.404,7.107,36.6,7.309,2,329,12.6,354.31,8.61,30.3,36.3411,-0.005057944,3.664,0,-7.019904,27.0179712,-10.9101443,0.5992,-3.8822,-11.9259,3.295083,-4.499586,32.67456196,
198,0.03768,80,1.52,0,0.404,7.274,38.3,7.309,2,329,12.6,392.2,6.62,34.6,36.3411,-0.004084512,3.664,0,-7.019904,27.6528384,-10.9101443,0.5992,-3.8822,-11.9259,3.64746,-3.459612,34.70275359,
199,0.0315,95,1.47,0,0.403,6.975,15.3,7.6534,3,402,17,396.9,4.56,34.9,36.3411,-0.0034146,4.351,0,-7.002528,26.51616,-11.42423018,0.8988,-4.7436,-16.0905,3.69117,-2.383056,30.15090122,
200,0.01778,95,1.47,0,0.403,7.135,13.9,7.6534,3,402,17,384.3,4.45,32.9,36.3411,-0.001927352,4.351,0,-7.002528,27.124416,-11.42423018,0.8988,-4.7436,-16.0905,3.57399,-2.32557,30.70095047,
201,0.03445,82.5,2.03,0,0.415,6.162,38.4,6.27,2,348,14.7,393.77,7.43,24.1,36.3411,-0.00373438,3.7785,0,-7.21104,23.4254592,-9.359229,0.5992,-4.1064,-13.91355,3.662061,-3.882918,29.32944882,
202,0.02177,82.5,2.03,0,0.415,7.61,15.7,6.27,2,348,14.7,395.38,3.11,42.3,36.3411,-0.002359868,3.7785,0,-7.21104,28.930176,-9.359229,0.5992,-4.1064,-13.91355,3.677034,-1.625286,37.10814513,
203,0.0351,95,2.68,0,0.4161,7.853,33.2,5.118,4,224,14.7,392.78,3.81,48.5,36.3411,-0.00380484,4.351,0,-7.2301536,29.8539648,-7.6396386,1.1984,-2.6432,-13.91355,3.652854,-1.991106,41.97586576,
204,0.02009,95,2.68,0,0.4161,8.034,31.9,5.118,4,224,14.7,390.55,2.88,50,36.3411,-0.002177756,4.351,0,-7.2301536,30.5420544,-7.6396386,1.1984,-2.6432,-13.91355,3.632115,-1.505088,43.13086144,
205,0.13642,0,10.59,0,0.489,5.891,22.3,3.9454,4,277,18.6,396.9,10.87,22.6,36.3411,-0.014787928,0,0,-8.496864,22.3952256,-5.88929858,1.1984,-3.2686,-17.6049,3.69117,-5.680662,22.67078309,
206,0.22969,0,10.59,0,0.489,6.326,52.5,4.3549,4,277,18.6,394.87,10.97,24.4,36.3411,-0.024898396,0,0,-8.496864,24.0489216,-6.50055923,1.1984,-3.2686,-17.6049,3.672291,-5.732922,23.63196897,
207,0.25199,0,10.59,0,0.489,5.783,72.7,4.3549,4,277,18.6,389.43,18.06,22.5,36.3411,-0.027315716,0,0,-8.496864,21.9846528,-6.50055923,1.1984,-3.2686,-17.6049,3.621699,-9.438156,17.80945685,
208,0.13587,0,10.59,1,0.489,6.064,59.1,4.2392,4,277,18.6,381.32,14.66,24.4,36.3411,-0.014728308,0,2.7187,-8.496864,23.0529024,-6.32785384,1.1984,-3.2686,-17.6049,3.546276,-7.661316,23.48311625,
209,0.43571,0,10.59,1,0.489,5.344,100,3.875,4,277,18.6,396.9,23.09,20,36.3411,-0.047230964,0,2.7187,-8.496864,20.3157504,-5.7842125,1.1984,-3.2686,-17.6049,3.69117,-12.066834,16.99647894,
210,0.17446,0,10.59,1,0.489,5.96,92.1,3.8771,4,277,18.6,393.25,17.27,21.7,36.3411,-0.018911464,0,2.7187,-8.496864,22.657536,-5.78734717,1.1984,-3.2686,-17.6049,3.657225,-9.025302,22.37103637,
211,0.37578,0,10.59,1,0.489,5.404,88.6,3.665,4,277,18.6,395.24,23.98,19.3,36.3411,-0.040734552,0,2.7187,-8.496864,20.5438464,-5.4707455,1.1984,-3.2686,-17.6049,3.675732,-12.531948,17.06398635,
212,0.21719,0,10.59,1,0.489,5.807,53.8,3.6526,4,277,18.6,390.94,16.03,22.4,36.3411,-0.023543396,0,2.7187,-8.496864,22.0758912,-5.45223602,1.1984,-3.2686,-17.6049,3.635742,-8.377278,22.74641178,
213,0.14052,0,10.59,0,0.489,6.375,32.3,3.9454,4,277,18.6,385.81,9.38,28.1,36.3411,-0.015232368,0,0,-8.496864,24.2352,-5.88929858,1.1984,-3.2686,-17.6049,3.588033,-4.901988,25.18585005,
214,0.28955,0,10.59,0,0.489,5.412,9.8,3.5875,4,277,18.6,348.93,29.55,23.7,36.3411,-0.03138722,0,0,-8.496864,20.5742592,-5.35506125,1.1984,-3.2686,-17.6049,3.245049,-15.44283,11.15916573,
215,0.19802,0,10.59,0,0.489,6.182,42.4,3.9454,4,277,18.6,393.63,9.47,25,36.3411,-0.021465368,0,0,-8.496864,23.5014912,-5.88929858,1.1984,-3.2686,-17.6049,3.660759,-4.949022,24.47160025,
216,0.0456,0,13.89,1,0.55,5.888,56,3.1121,5,276,16.4,392.8,13.51,23.3,36.3411,-0.00494304,0,2.7187,-9.5568,22.3838208,-4.64543167,1.498,-3.2568,-15.5226,3.65304,-7.060326,26.54776009,
217,0.07013,0,13.89,0,0.55,6.642,85.1,3.4211,5,276,16.4,392.78,9.69,28.7,36.3411,-0.007602092,0,0,-9.5568,25.2502272,-5.10667597,1.498,-3.2568,-15.5226,3.652854,-5.063994,28.22770914,
218,0.11069,0,13.89,1,0.55,5.951,93.8,2.8893,5,276,16.4,396.9,17.92,21.5,36.3411,-0.011998796,0,2.7187,-9.5568,22.6233216,-4.31285811,1.498,-3.2568,-15.5226,3.69117,-9.364992,24.84624269,
219,0.11425,0,13.89,1,0.55,6.373,92.4,3.3633,5,276,16.4,393.74,10.5,23,36.3411,-0.0123847,0,2.7187,-9.5568,24.2275968,-5.02039791,1.498,-3.2568,-15.5226,3.661782,-5.4873,29.59089619,
220,0.35809,0,6.2,1,0.507,6.951,88.5,2.8617,8,307,17.4,391.7,9.71,26.7,36.3411,-0.038816956,0,2.7187,-8.809632,26.4249216,-4.27165959,2.3968,-3.6226,-16.4691,3.64281,-5.074446,33.23807705,
221,0.40771,0,6.2,1,0.507,6.164,91.3,3.048,8,307,17.4,395.24,21.46,21.7,36.3411,-0.044195764,0,2.7187,-8.809632,23.4330624,-4.5497496,2.3968,-3.6226,-16.4691,3.675732,-11.214996,23.85512104,
222,0.62356,0,6.2,1,0.507,6.879,77.7,3.2721,8,307,17.4,390.39,9.93,27.5,36.3411,-0.067593904,0,2.7187,-8.809632,26.1512064,-4.88426367,2.3968,-3.6226,-16.4691,3.630627,-5.189418,32.19582583,
223,0.6147,0,6.2,0,0.507,6.618,80.8,3.2721,8,307,17.4,396.9,7.6,30.1,36.3411,-0.06663348,0,0,-8.809632,25.1589888,-4.88426367,2.3968,-3.6226,-16.4691,3.69117,-3.97176,29.76406965,
224,0.31533,0,6.2,0,0.504,8.266,78.3,2.8944,8,307,17.4,385.05,4.14,44.8,36.3411,-0.034181772,0,0,-8.757504,31.4240256,-4.32047088,2.3968,-3.6226,-16.4691,3.580965,-2.163564,38.37546995,
225,0.52693,0,6.2,0,0.504,8.725,83,2.8944,8,307,17.4,382,4.63,50,36.3411,-0.057119212,0,0,-8.757504,33.16896,-4.32047088,2.3968,-3.6226,-16.4691,3.5526,-2.419638,39.81302791,
226,0.38214,0,6.2,0,0.504,8.04,86.5,3.2157,8,307,17.4,387.38,3.13,37.6,36.3411,-0.041423976,0,0,-8.757504,30.564864,-4.80007539,2.3968,-3.6226,-16.4691,3.602634,-1.635738,37.57895663,
227,0.41238,0,6.2,0,0.504,7.163,79.9,3.2157,8,307,17.4,372.08,6.36,31.6,36.3411,-0.044701992,0,0,-8.757504,27.2308608,-4.80007539,2.3968,-3.6226,-16.4691,3.460344,-3.323736,32.41138742,
228,0.29819,0,6.2,0,0.504,7.686,17,3.3751,8,307,17.4,377.51,3.92,46.7,36.3411,-0.032323796,0,0,-8.757504,29.2190976,-5.03801177,2.3968,-3.6226,-16.4691,3.510843,-2.048592,35.49970903,
229,0.44178,0,6.2,0,0.504,6.552,21.4,3.3751,8,307,17.4,380.34,3.76,31.5,36.3411,-0.047888952,0,0,-8.757504,24.9080832,-5.03801177,2.3968,-3.6226,-16.4691,3.537162,-1.964976,31.28306448,
230,0.537,0,6.2,0,0.504,5.981,68.1,3.6715,8,307,17.4,378.35,11.65,24.3,36.3411,-0.0582108,0,0,-8.757504,22.7373696,-5.48044805,2.3968,-3.6226,-16.4691,3.518655,-6.08829,24.51777175,
231,0.46296,0,6.2,0,0.504,7.412,76.9,3.6715,8,307,17.4,376.14,5.25,31.7,36.3411,-0.050184864,0,0,-8.757504,28.1774592,-5.48044805,2.3968,-3.6226,-16.4691,3.498102,-2.74365,33.28997429,
232,0.57529,0,6.2,0,0.507,8.337,73.3,3.8384,8,307,17.4,385.91,2.47,41.7,36.3411,-0.062361436,0,0,-8.809632,31.6939392,-5.72957968,2.3968,-3.6226,-16.4691,3.588963,-1.290822,38.03670708,
233,0.33147,0,6.2,0,0.507,8.247,70.4,3.6519,8,307,17.4,378.95,3.95,48.3,36.3411,-0.035931348,0,0,-8.809632,31.3517952,-5.45119113,2.3968,-3.6226,-16.4691,3.524235,-2.06427,37.16120572,
234,0.44791,0,6.2,1,0.507,6.726,66.5,3.6519,8,307,17.4,360.2,8.05,29,36.3411,-0.048553444,0,2.7187,-8.809632,25.5695616,-5.45119113,2.3968,-3.6226,-16.4691,3.34986,-4.20693,31.76801503,
235,0.33045,0,6.2,0,0.507,6.086,61.5,3.6519,8,307,17.4,376.75,10.88,24,36.3411,-0.03582078,0,0,-8.809632,23.1365376,-5.45119113,2.3968,-3.6226,-16.4691,3.503775,-5.685888,25.30398069,
236,0.52058,0,6.2,1,0.507,6.631,76.5,4.148,8,307,17.4,388.45,9.54,25.1,36.3411,-0.056430872,0,2.7187,-8.809632,25.2084096,-6.1917196,2.3968,-3.6226,-16.4691,3.612585,-4.985604,30.14250813,
237,0.51183,0,6.2,0,0.507,7.358,71.6,4.148,8,307,17.4,390.07,4.73,31.5,36.3411,-0.055482372,0,0,-8.809632,27.9721728,-6.1917196,2.3968,-3.6226,-16.4691,3.627651,-2.471898,32.71729183,
238,0.08244,30,4.93,0,0.428,6.481,18.5,6.1899,6,300,16.6,379.41,6.36,23.7,36.3411,-0.008936496,1.374,0,-7.436928,24.6381696,-9.23966373,1.7976,-3.54,-15.7119,3.528513,-3.323736,28.41821837,
239,0.09252,30,4.93,0,0.428,6.606,42.2,6.1899,6,300,16.6,383.78,7.37,23.3,36.3411,-0.010029168,1.374,0,-7.436928,25.1133696,-9.23966373,1.7976,-3.54,-15.7119,3.569154,-3.851562,28.4051407,
240,0.11329,30,4.93,0,0.428,6.897,54.3,6.3361,6,300,16.6,391.25,11.38,22,36.3411,-0.012280636,1.374,0,-7.436928,26.2196352,-9.45789647,1.7976,-3.54,-15.7119,3.638625,-5.947188,27.26476709,
241,0.10612,30,4.93,0,0.428,6.095,65.1,6.3361,6,300,16.6,394.62,12.4,20.1,36.3411,-0.011503408,1.374,0,-7.436928,23.170752,-9.45789647,1.7976,-3.54,-15.7119,3.669966,-6.48024,23.71495012,
242,0.1029,30,4.93,0,0.428,6.358,52.9,7.0355,6,300,16.6,372.75,11.22,22.2,36.3411,-0.01115436,1.374,0,-7.436928,24.1705728,-10.50189085,1.7976,-3.54,-15.7119,3.466575,-5.863572,24.08440259,
243,0.12757,30,4.93,0,0.428,6.393,7.8,7.0355,6,300,16.6,374.71,5.19,23.7,36.3411,-0.013828588,1.374,0,-7.436928,24.3036288,-10.50189085,1.7976,-3.54,-15.7119,3.484803,-2.712294,27.38429036,
244,0.20608,22,5.86,0,0.431,5.593,76.5,7.9549,7,330,19.1,372.49,12.5,17.6,36.3411,-0.022339072,1.0076,0,-7.489056,21.2623488,-11.87427923,2.0972,-3.894,-18.07815,3.464157,-6.5325,16.2820815,
245,0.19133,22,5.86,0,0.431,5.605,70.2,7.9549,7,330,19.1,389.13,18.46,18.5,36.3411,-0.020740172,1.0076,0,-7.489056,21.307968,-11.87427923,2.0972,-3.894,-18.07815,3.618909,-9.647196,13.3693556,
246,0.33983,22,5.86,0,0.431,6.108,34.9,8.0555,7,330,19.1,390.18,9.16,24.3,36.3411,-0.036837572,1.0076,0,-7.489056,23.2201728,-12.02444485,2.0972,-3.894,-18.07815,3.628674,-4.787016,19.98524238,
247,0.19657,22,5.86,0,0.431,6.226,79.2,8.0555,7,330,19.1,376.14,10.15,20.5,36.3411,-0.021308188,1.0076,0,-7.489056,23.6687616,-12.02444485,2.0972,-3.894,-18.07815,3.498102,-5.30439,19.80141456,
248,0.16439,22,5.86,0,0.431,6.433,49.1,7.8265,7,330,19.1,374.71,9.52,24.5,36.3411,-0.017819876,1.0076,0,-7.489056,24.4556928,-11.68261655,2.0972,-3.894,-18.07815,3.484803,-4.975152,21.24960137,
249,0.19073,22,5.86,0,0.431,6.718,17.5,7.8265,7,330,19.1,393.74,6.56,26.2,36.3411,-0.020675132,1.0076,0,-7.489056,25.5391488,-11.68261655,2.0972,-3.894,-18.07815,3.661782,-3.428256,24.05407712,
250,0.1403,22,5.86,0,0.431,6.487,13,7.3967,7,330,19.1,396.28,5.9,24.4,36.3411,-0.01520852,1.0076,0,-7.489056,24.6609792,-11.04105409,2.0972,-3.894,-18.07815,3.685404,-3.08334,24.19147459,
251,0.21409,22,5.86,0,0.431,6.438,8.9,7.3967,7,330,19.1,377.07,3.59,24.8,36.3411,-0.023207356,1.0076,0,-7.489056,24.4747008,-11.04105409,2.0972,-3.894,-18.07815,3.506751,-1.876134,25.02575035,
252,0.08221,22,5.86,0,0.431,6.957,6.8,8.9067,7,330,19.1,386.09,3.53,29.6,36.3411,-0.008911564,1.0076,0,-7.489056,26.4477312,-13.29503109,2.0972,-3.894,-18.07815,3.590637,-1.844778,24.87434155,
253,0.36894,22,5.86,0,0.431,8.259,8.4,8.9067,7,330,19.1,396.9,3.54,42.8,36.3411,-0.039993096,1.0076,0,-7.489056,31.3974144,-13.29503109,2.0972,-3.894,-18.07815,3.69117,-1.850004,29.88825021,
254,0.04819,80,3.64,0,0.392,6.108,32,9.2203,1,315,16.4,392.89,6.57,21.9,36.3411,-0.005223796,3.664,0,-6.811392,23.2201728,-13.76314181,0.2996,-3.717,-15.5226,3.653877,-3.433482,23.92591019,
255,0.03548,80,3.64,0,0.392,5.876,19.1,9.2203,1,315,16.4,395.18,9.25,20.9,36.3411,-0.003846032,3.664,0,-6.811392,22.3382016,-13.76314181,0.2996,-3.717,-15.5226,3.675174,-4.83405,21.66604576,
256,0.01538,90,3.75,0,0.394,7.454,34.2,6.3361,3,244,15.9,386.34,3.11,44,36.3411,-0.001667192,4.122,0,-6.846144,28.3371264,-9.45789647,0.8988,-2.8792,-15.04935,3.592962,-1.625286,37.43244474,
257,0.61154,20,3.97,0,0.647,8.704,86.9,1.801,5,264,13,389.7,5.12,50,36.3411,-0.066290936,0.916,0,-11.242272,33.0891264,-2.6883527,1.498,-3.1152,-12.3045,3.62421,-2.675712,43.37610876,
258,0.66351,20,3.97,0,0.647,7.333,100,1.8946,5,264,13,383.29,7.79,36,36.3411,-0.071924484,0.916,0,-11.242272,27.8771328,-2.82806942,1.498,-3.1152,-12.3045,3.564597,-4.071054,36.5638099,
259,0.65665,20,3.97,0,0.647,6.842,100,2.0107,5,264,13,391.93,6.9,30.1,36.3411,-0.07118086,0.916,0,-11.242272,26.0105472,-3.00137189,1.498,-3.1152,-12.3045,3.644949,-3.60594,35.07013145,
260,0.54011,20,3.97,0,0.647,7.203,81.8,2.1121,5,264,13,392.8,9.59,33.8,36.3411,-0.058547924,0.916,0,-11.242272,27.3829248,-3.15273167,1.498,-3.1152,-12.3045,3.65304,-5.011734,34.90607921,
261,0.53412,20,3.97,0,0.647,7.52,89.4,2.1398,5,264,13,388.37,7.26,43.1,36.3411,-0.057898608,0.916,0,-11.242272,28.588032,-3.19407946,1.498,-3.1152,-12.3045,3.611841,-3.794076,37.24694693,
262,0.52014,20,3.97,0,0.647,8.398,91.5,2.2885,5,264,13,386.86,5.91,48.8,36.3411,-0.056383176,0.916,0,-11.242272,31.9258368,-3.41604395,1.498,-3.1152,-12.3045,3.597798,-3.088566,41.05576967,
263,0.82526,20,3.97,0,0.647,7.327,94.5,2.0788,5,264,13,393.42,11.25,31,36.3411,-0.089458184,0.916,0,-11.242272,27.8543232,-3.10302476,1.498,-3.1152,-12.3045,3.658806,-5.87925,34.53452426,
264,0.55007,20,3.97,0,0.647,7.206,91.6,1.9301,5,264,13,387.89,8.1,36.5,36.3411,-0.059627588,0.916,0,-11.242272,27.3943296,-2.88106027,1.498,-3.1152,-12.3045,3.607377,-4.23306,35.92108674,
265,0.76162,20,3.97,0,0.647,5.56,62.8,1.9865,5,264,13,392.4,10.45,22.8,36.3411,-0.082559608,0.916,0,-11.242272,21.136896,-2.96524855,1.498,-3.1152,-12.3045,3.64932,-5.46117,28.37036584,
266,0.7857,20,3.97,0,0.647,7.014,84.6,2.1329,5,264,13,384.07,14.79,30.7,36.3411,-0.08516988,0.916,0,-11.242272,26.6644224,-3.18377983,1.498,-3.1152,-12.3045,3.571851,-7.729254,31.33119769,
267,0.57834,20,3.97,0,0.575,8.297,67,2.4216,5,264,13,384.54,7.44,50,36.3411,-0.062692056,0.916,0,-9.9912,31.5418752,-3.61472232,1.498,-3.1152,-12.3045,3.576222,-3.888144,40.89673882,
268,0.5405,20,3.97,0,0.575,7.47,52.6,2.872,5,264,13,390.3,3.16,43.5,36.3411,-0.0585902,0.916,0,-9.9912,28.397952,-4.2870344,1.498,-3.1152,-12.3045,3.62979,-1.651416,39.3749014,
269,0.09065,20,6.96,1,0.464,5.92,61.5,3.9175,3,223,18.6,391.34,13.65,20.7,36.3411,-0.00982646,0.916,2.7187,-8.062464,22.505472,-5.84765225,0.8988,-2.6314,-17.6049,3.639462,-7.13349,25.72980129,
270,0.29916,20,6.96,0,0.464,5.856,42.1,4.429,3,223,18.6,388.65,13,21.1,36.3411,-0.032428944,0.916,0,-8.062464,22.2621696,-6.6111683,0.8988,-2.6314,-17.6049,3.614445,-6.7938,22.29635336,
271,0.16211,20,6.96,0,0.464,6.24,16.3,4.429,3,223,18.6,396.9,6.59,25.2,36.3411,-0.017572724,0.916,0,-8.062464,23.721984,-6.6111683,0.8988,-2.6314,-17.6049,3.69117,-3.443934,27.19761498,
272,0.1146,20,6.96,0,0.464,6.538,58.7,3.9175,3,223,18.6,394.96,7.73,24.4,36.3411,-0.01242264,0.916,0,-8.062464,24.8548608,-5.84765225,0.8988,-2.6314,-17.6049,3.673128,-4.039698,28.48535191,
273,0.22188,20,6.96,1,0.464,7.691,51.8,4.3665,3,223,18.6,390.77,6.58,35.2,36.3411,-0.024051792,0.916,2.7187,-8.062464,29.2381056,-6.51787455,0.8988,-2.6314,-17.6049,3.634161,-3.438708,35.46746826,
274,0.05644,40,6.41,1,0.447,6.758,32.9,4.0776,4,254,17.6,396.9,3.53,32.4,36.3411,-0.006118096,1.832,2.7187,-7.767072,25.6912128,-6.08663352,1.1984,-2.9972,-16.6584,3.69117,-1.844778,36.11238118,
275,0.09604,40,6.41,0,0.447,6.854,42.8,4.2673,4,254,17.6,396.9,2.98,32,36.3411,-0.010410736,1.832,0,-7.767072,26.0561664,-6.36979871,1.1984,-2.9972,-16.6584,3.69117,-1.557348,33.75860695,
276,0.10469,40,6.41,1,0.447,7.267,49,4.7872,4,254,17.6,389.25,6.05,33.2,36.3411,-0.011348396,1.832,2.7187,-7.767072,27.6262272,-7.14585344,1.1984,-2.9972,-16.6584,3.620025,-3.16173,35.59484836,
277,0.06127,40,6.41,1,0.447,6.826,27.6,4.8628,4,254,17.6,393.45,4.16,33.1,36.3411,-0.006641668,1.832,2.7187,-7.767072,25.9497216,-7.25870156,1.1984,-2.9972,-16.6584,3.659085,-2.174016,34.83697537,
278,0.07978,40,6.41,0,0.447,6.482,32.1,4.1403,4,254,17.6,396.9,7.19,29.1,36.3411,-0.008648152,1.832,0,-7.767072,24.6419712,-6.18022581,1.1984,-2.9972,-16.6584,3.69117,-3.757494,30.33560124,
279,0.21038,20,3.33,0,0.4429,6.812,32.2,4.1007,5,216,14.9,396.9,4.85,35.1,36.3411,-0.022805192,0.916,0,-7.6958304,25.8964992,-6.12111489,1.498,-2.5488,-14.10285,3.69117,-2.53461,35.31675872,
280,0.03578,20,3.33,0,0.4429,7.82,64.5,4.6947,5,216,14.9,387.31,3.76,45.4,36.3411,-0.003878552,0.916,0,-7.6958304,29.728512,-7.00777869,1.498,-2.5488,-14.10285,3.601983,-1.964976,38.76148136,
281,0.03705,20,3.33,0,0.4429,6.968,37.2,5.2447,5,216,14.9,392.23,4.59,35.4,36.3411,-0.00401622,0.916,0,-7.6958304,26.4895488,-7.82876369,1.498,-2.5488,-14.10285,3.647739,-2.398734,34.31339349,
282,0.06129,20,3.33,1,0.4429,7.645,49.7,5.2119,5,216,14.9,377.07,3.01,46,36.3411,-0.006643836,0.916,2.7187,-7.6958304,29.063232,-7.77980313,1.498,-2.5488,-14.10285,3.506751,-1.573026,40.33682963,
283,0.01501,90,1.21,1,0.401,7.923,24.8,5.885,1,198,13.6,395.52,3.16,50,36.3411,-0.001627084,4.122,2.7187,-6.967776,30.1200768,-8.7845395,0.2996,-2.3364,-12.8724,3.678336,-1.651416,44.66565422,
284,0.00906,90,2.97,0,0.4,7.088,20.8,7.3073,1,285,15.3,394.72,7.85,32.2,36.3411,-0.000982104,4.122,0,-6.9504,26.9457408,-10.90760671,0.2996,-3.363,-14.48145,3.670896,-4.10241,31.57348799,
285,0.01096,55,2.25,0,0.389,6.453,31.9,7.3073,1,300,15.3,394.72,8.23,22,36.3411,-0.001188064,2.519,0,-6.759264,24.5317248,-10.90760671,0.2996,-3.54,-14.48145,3.670896,-4.300998,27.37181403,
286,0.01965,80,1.76,0,0.385,6.23,31.5,9.0892,1,241,18.2,341.6,12.93,20.1,36.3411,-0.00213006,3.664,0,-6.68976,23.683968,-13.56744884,0.2996,-2.8438,-17.2263,3.17688,-6.757218,20.0788911,
287,0.03871,52.5,5.32,0,0.405,6.209,31.3,7.3172,6,293,16.6,396.9,7.14,23.2,36.3411,-0.004196164,2.4045,0,-7.03728,23.6041344,-10.92238444,1.7976,-3.4574,-15.7119,3.69117,-3.731364,26.9739798,
288,0.0459,52.5,5.32,0,0.405,6.315,45.6,7.3172,6,293,16.6,396.9,7.6,22.3,36.3411,-0.00497556,2.4045,0,-7.03728,24.007104,-10.92238444,1.7976,-3.4574,-15.7119,3.69117,-3.97176,27.135774,
289,0.04297,52.5,5.32,0,0.405,6.565,22.9,7.3172,6,293,16.6,371.72,9.51,24.8,36.3411,-0.004657948,2.4045,0,-7.03728,24.957504,-10.92238444,1.7976,-3.4574,-15.7119,3.456996,-4.969926,26.85415161,
290,0.03502,80,4.95,0,0.411,6.861,27.9,5.1167,4,245,19.2,396.9,3.33,28.5,36.3411,-0.003796168,3.664,0,-7.141536,26.0827776,-7.63769809,1.1984,-2.891,-18.1728,3.69117,-1.740258,33.39035934,
291,0.07886,80,4.95,0,0.411,7.148,27.7,5.1167,4,245,19.2,396.9,3.56,37.3,36.3411,-0.008548424,3.664,0,-7.141536,27.1738368,-7.63769809,1.1984,-2.891,-18.1728,3.69117,-1.860456,34.35646829,
292,0.03615,80,4.95,0,0.411,6.63,23.4,5.1167,4,245,19.2,396.9,4.7,27.9,36.3411,-0.00391866,3.664,0,-7.141536,25.204608,-7.63769809,1.1984,-2.891,-18.1728,3.69117,-2.45622,31.79610525,
293,0.08265,0,13.92,0,0.437,6.127,18.4,5.5027,4,289,16,396.9,8.58,23.9,36.3411,-0.00895926,0,0,-7.593312,23.2924032,-8.21388029,1.1984,-3.4102,-15.144,3.69117,-4.483908,25.66881365,
294,0.08199,0,13.92,0,0.437,6.009,42.3,5.5027,4,289,16,396.9,10.4,21.7,36.3411,-0.008887716,0,0,-7.593312,22.8438144,-8.21388029,1.1984,-3.4102,-15.144,3.69117,-5.43504,24.26916439,
295,0.12932,0,13.92,0,0.437,6.678,31.1,5.9604,4,289,16,396.9,6.27,28.6,36.3411,-0.014018288,0,0,-7.593312,25.3870848,-8.89708908,1.1984,-3.4102,-15.144,3.69117,-3.276702,28.28243343,
296,0.05372,0,13.92,0,0.437,6.549,51,5.9604,4,289,16,392.85,7.39,27.1,36.3411,-0.005823248,0,0,-7.593312,24.8966784,-8.89708908,1.1984,-3.4102,-15.144,3.653505,-3.862014,27.17724507,
297,0.14103,0,13.92,0,0.437,5.79,58,6.32,4,289,16,396.9,15.84,20.3,36.3411,-0.015287652,0,0,-7.593312,22.011264,-9.433864,1.1984,-3.4102,-15.144,3.69117,-8.277984,19.36728635,
298,0.06466,70,2.24,0,0.4,6.345,20.1,7.8278,5,358,14.8,368.24,4.97,22.5,36.3411,-0.007009144,3.206,0,-6.9504,24.121152,-11.68455706,1.498,-4.2244,-14.0082,3.424632,-2.597322,29.1189958,
299,0.05561,70,2.24,0,0.4,7.041,10,7.8278,5,358,14.8,371.58,4.74,29,36.3411,-0.006028124,3.206,0,-6.9504,26.7670656,-11.68455706,1.498,-4.2244,-14.0082,3.455694,-2.477124,31.91715042,
300,0.04417,70,2.24,0,0.4,6.871,47.4,7.8278,5,358,14.8,390.86,6.07,24.8,36.3411,-0.004788028,3.206,0,-6.9504,26.1207936,-11.68455706,1.498,-4.2244,-14.0082,3.634998,-3.172182,30.75636451,
301,0.03537,34,6.09,0,0.433,6.59,40.4,5.4917,7,329,16.1,395.75,9.5,22,36.3411,-0.003834108,1.5572,0,-7.523808,25.052544,-8.19746059,2.0972,-3.8822,-15.23865,3.680475,-4.9647,28.9178663,
302,0.09266,34,6.09,0,0.433,6.495,18.4,5.4917,7,329,16.1,383.61,8.67,26.4,36.3411,-0.010044344,1.5572,0,-7.523808,24.691392,-8.19746059,2.0972,-3.8822,-15.23865,3.567573,-4.530942,28.87136007,
303,0.1,34,6.09,0,0.433,6.982,17.7,5.4917,7,329,16.1,390.43,4.86,33.1,36.3411,-0.01084,1.5572,0,-7.523808,26.5427712,-8.19746059,2.0972,-3.8822,-15.23865,3.630999,-2.539836,32.77647561,
304,0.05515,33,2.18,0,0.472,7.236,41.1,4.022,7,222,18.4,393.68,6.93,36.1,36.3411,-0.00597826,1.5114,0,-8.201472,27.5083776,-6.0036394,2.0972,-2.6196,-17.4156,3.661224,-3.621618,33.25139394,
305,0.05479,33,2.18,0,0.472,6.616,58.1,3.37,7,222,18.4,393.36,8.93,28.4,36.3411,-0.005939236,1.5114,0,-8.201472,25.1513856,-5.030399,2.0972,-2.6196,-17.4156,3.658248,-4.666818,30.81950536,
306,0.07503,33,2.18,0,0.472,7.42,71.9,3.0992,7,222,18.4,396.9,6.47,33.4,36.3411,-0.008133252,1.5114,0,-8.201472,28.207872,-4.62617584,2.0972,-2.6196,-17.4156,3.69117,-3.381222,35.59653891,
307,0.04932,33,2.18,0,0.472,6.849,70.3,3.1827,7,222,18.4,396.9,7.53,28.2,36.3411,-0.005346288,1.5114,0,-8.201472,26.0371584,-4.75081629,2.0972,-2.6196,-17.4156,3.69117,-3.935178,32.75001582,
308,0.49298,0,9.9,0,0.544,6.635,82.5,3.3175,4,304,18.4,396.9,4.54,22.8,36.3411,-0.053439032,0,0,-9.452544,25.223616,-4.95203225,1.1984,-3.5872,-17.4156,3.69117,-2.372604,28.62086672,
309,0.3494,0,9.9,0,0.544,5.972,76.7,3.1025,4,304,18.4,396.24,9.97,20.3,36.3411,-0.03787496,0,0,-9.452544,22.7031552,-4.63110175,1.1984,-3.5872,-17.4156,3.685032,-5.210322,23.59304449,
310,2.63548,0,9.9,0,0.544,4.973,37.8,2.5194,4,304,18.4,350.45,12.64,16.1,36.3411,-0.285686032,0,0,-9.452544,18.9053568,-3.76070838,1.1984,-3.5872,-17.4156,3.259185,-6.605664,18.59663939,
311,0.79041,0,9.9,0,0.544,6.122,52.8,2.6403,4,304,18.4,396.9,5.98,22.1,36.3411,-0.085680444,0,0,-9.452544,23.2733952,-3.94117581,1.1984,-3.5872,-17.4156,3.69117,-3.125148,26.89671695,
312,0.26169,0,9.9,0,0.544,6.023,90.4,2.834,4,304,18.4,396.3,11.72,19.4,36.3411,-0.028367196,0,0,-9.452544,22.8970368,-4.2303118,1.1984,-3.5872,-17.4156,3.68559,-6.124872,23.2832318,
313,0.26938,0,9.9,0,0.544,6.266,82.8,3.2628,4,304,18.4,393.39,7.9,21.6,36.3411,-0.029200792,0,0,-9.452544,23.8208256,-4.87038156,1.1984,-3.5872,-17.4156,3.658527,-4.12854,25.53538625,
314,0.3692,0,9.9,0,0.544,6.567,87.3,3.6023,4,304,18.4,395.69,9.28,23.8,36.3411,-0.04002128,0,0,-9.452544,24.9651072,-5.37715321,1.1984,-3.5872,-17.4156,3.679917,-4.849728,25.46227771,
315,0.25356,0,9.9,0,0.544,5.705,77.7,3.945,4,304,18.4,396.42,11.5,16.2,36.3411,-0.027485904,0,0,-9.452544,21.688128,-5.8887015,1.1984,-3.5872,-17.4156,3.686706,-6.0099,20.5329026,
316,0.31827,0,9.9,0,0.544,5.914,83.2,3.9986,4,304,18.4,390.7,18.33,17.8,36.3411,-0.034500468,0,0,-9.452544,22.4826624,-5.96871022,1.1984,-3.5872,-17.4156,3.63351,-9.579258,17.61785971,
317,0.24522,0,9.9,0,0.544,5.782,71.7,4.0317,4,304,18.4,396.9,15.94,19.8,36.3411,-0.026581848,0,0,-9.452544,21.9808512,-6.01811859,1.1984,-3.5872,-17.4156,3.69117,-8.330244,18.38123276,
318,0.40202,0,9.9,0,0.544,6.382,67.2,3.5325,4,304,18.4,395.21,10.36,23.1,36.3411,-0.043578968,0,0,-9.452544,24.2618112,-5.27296275,1.1984,-3.5872,-17.4156,3.675453,-5.414136,24.29074248,
319,0.47547,0,9.9,0,0.544,6.113,58.8,4.0019,4,304,18.4,396.23,12.73,21,36.3411,-0.051540948,0,0,-9.452544,23.2391808,-5.97363613,1.1984,-3.5872,-17.4156,3.684939,-6.652698,21.33040072,
320,0.1676,0,7.38,0,0.493,6.426,52.3,4.5404,5,287,19.6,396.9,7.2,23.8,36.3411,-0.01816784,0,0,-8.566368,24.4290816,-6.77745508,1.498,-3.3866,-18.5514,3.69117,-3.76272,24.89664068,
321,0.18159,0,7.38,0,0.493,6.376,54.3,4.5404,5,287,19.6,396.9,6.87,23.1,36.3411,-0.019684356,0,0,-8.566368,24.2390016,-6.77745508,1.498,-3.3866,-18.5514,3.69117,-3.590262,24.87750216,
322,0.35114,0,7.38,0,0.493,6.041,49.9,4.7211,5,287,19.6,396.9,7.7,20.4,36.3411,-0.038063576,0,0,-8.566368,22.9654656,-7.04718597,1.498,-3.3866,-18.5514,3.69117,-4.02402,22.88209805,
323,0.28392,0,7.38,0,0.493,5.708,74.3,4.7211,5,287,19.6,391.13,11.74,18.5,36.3411,-0.030776928,0,0,-8.566368,21.6995328,-7.04718597,1.498,-3.3866,-18.5514,3.637509,-6.135324,19.4584869,
324,0.34109,0,7.38,0,0.493,6.415,40.1,4.7211,5,287,19.6,396.9,6.12,25,36.3411,-0.036974156,0,0,-8.566368,24.387264,-7.04718597,1.498,-3.3866,-18.5514,3.69117,-3.198312,25.13069387,
325,0.19186,0,7.38,0,0.493,6.431,14.7,5.4159,5,287,19.6,393.68,5.08,24.6,36.3411,-0.020797624,0,0,-8.566368,24.4480896,-8.08431393,1.498,-3.3866,-18.5514,3.661224,-2.654808,24.68412605,
326,0.30347,0,7.38,0,0.493,6.312,28.9,5.4159,5,287,19.6,396.9,6.15,23,36.3411,-0.032896148,0,0,-8.566368,23.9956992,-8.08431393,1.498,-3.3866,-18.5514,3.69117,-3.21399,23.69040112,
327,0.24103,0,7.38,0,0.493,6.083,43.7,5.4159,5,287,19.6,396.9,12.79,22.2,36.3411,-0.026127652,0,0,-8.566368,23.1251328,-8.08431393,1.498,-3.3866,-18.5514,3.69117,-6.684054,19.35653922,
328,0.06617,0,3.24,0,0.46,5.868,25.8,5.2146,4,430,16.9,382.44,9.97,19.3,36.3411,-0.007172828,0,0,-7.99296,22.3077888,-7.78383342,1.1984,-5.074,-15.99585,3.556692,-5.210322,21.33984255,
329,0.06724,0,3.24,0,0.46,6.333,17.2,5.2146,4,430,16.9,375.21,7.34,22.6,36.3411,-0.007288816,0,0,-7.99296,24.0755328,-7.78383342,1.1984,-5.074,-15.99585,3.489453,-3.835884,24.41466956,
330,0.04544,0,3.24,0,0.46,6.144,32.2,5.8736,4,430,16.9,368.57,9.09,19.8,36.3411,-0.004925696,0,0,-7.99296,23.3570304,-8.76752272,1.1984,-5.074,-15.99585,3.427701,-4.750434,21.73853898,
331,0.05023,35,6.06,0,0.4379,5.706,28.4,6.6407,1,304,16.9,394.02,12.43,17.1,36.3411,-0.005444932,1.603,0,-7.6089504,21.6919296,-9.91257289,0.2996,-3.5872,-15.99585,3.664386,-6.495918,19.99407938,
332,0.03466,35,6.06,0,0.4379,6.031,23.3,6.6407,1,304,16.9,362.25,7.83,19.4,36.3411,-0.003757144,1.603,0,-7.6089504,22.9274496,-9.91257289,0.2996,-3.5872,-15.99585,3.368925,-4.091958,23.33978617,
333,0.05083,0,5.19,0,0.515,6.316,38.1,6.4584,5,224,20.2,389.71,5.68,22.2,36.3411,-0.005509972,0,0,-8.94864,24.0109056,-9.64045368,1.498,-2.6432,-19.1193,3.624303,-2.968368,22.14883695,
334,0.03738,0,5.19,0,0.515,6.31,38.5,6.4584,5,224,20.2,389.4,6.75,20.7,36.3411,-0.004051992,0,0,-8.94864,23.988096,-9.64045368,1.498,-2.6432,-19.1193,3.62142,-3.52755,21.56542033,
335,0.03961,0,5.19,0,0.515,6.037,34.5,5.9853,5,224,20.2,396.9,8.01,21.1,36.3411,-0.004293724,0,0,-8.94864,22.9502592,-8.93425731,1.498,-2.6432,-19.1193,3.69117,-4.186026,20.64481217,
336,0.03427,0,5.19,0,0.515,5.869,46.3,5.2311,5,224,20.2,396.9,9.8,19.5,36.3411,-0.003714868,0,0,-8.94864,22.3115904,-7.80846297,1.498,-2.6432,-19.1193,3.69117,-5.12148,20.19706256,
337,0.03041,0,5.19,0,0.515,5.895,59.6,5.615,5,224,20.2,394.81,10.56,18.5,36.3411,-0.003296444,0,0,-8.94864,22.410432,-8.3815105,1.498,-2.6432,-19.1193,3.671733,-5.518656,19.30666206,
338,0.03306,0,5.19,0,0.515,6.059,37.3,4.8122,5,224,20.2,396.14,8.51,20.6,36.3411,-0.003583704,0,0,-8.94864,23.0338944,-7.18317094,1.498,-2.6432,-19.1193,3.684102,-4.447326,22.21187576,
339,0.05497,0,5.19,0,0.515,5.985,45.4,4.8122,5,224,20.2,396.9,9.74,19,36.3411,-0.005958748,0,0,-8.94864,22.752576,-7.18317094,1.498,-2.6432,-19.1193,3.69117,-5.090124,21.29245231,
340,0.06151,0,5.19,0,0.515,5.968,58.5,4.8122,5,224,20.2,396.9,9.29,18.7,36.3411,-0.006667684,0,0,-8.94864,22.6879488,-7.18317094,1.498,-2.6432,-19.1193,3.69117,-4.854954,21.46228618,
341,0.01301,35,1.52,0,0.442,7.241,49.3,7.0379,1,284,15.5,394.74,5.49,32.7,36.3411,-0.001410284,1.603,0,-7.680192,27.5273856,-10.50547333,0.2996,-3.3512,-14.67075,3.671082,-2.869074,30.36406799,
342,0.02498,0,1.89,0,0.518,6.54,59.7,6.2669,1,422,15.9,389.96,8.65,16.5,36.3411,-0.002707832,0,0,-9.000768,24.862464,-9.35460163,0.2996,-4.9796,-15.04935,3.626628,-4.52049,22.22227454,
343,0.02543,55,3.78,0,0.484,6.696,56.4,5.7321,5,370,17.6,396.9,7.18,23.9,36.3411,-0.002756612,2.519,0,-8.409984,25.4555136,-8.55630567,1.498,-4.366,-16.6584,3.69117,-3.752268,27.75906932,
344,0.03049,55,3.78,0,0.484,6.874,28.1,6.4654,5,370,17.6,387.97,4.61,31.2,36.3411,-0.003305116,2.519,0,-8.409984,26.1321984,-9.65090258,1.498,-4.366,-16.6584,3.608121,-2.409186,28.6006417,
345,0.03113,0,4.39,0,0.442,6.014,48.5,8.0136,3,352,18.8,385.64,10.53,17.5,36.3411,-0.003374492,0,0,-7.680192,22.8628224,-11.96190072,0.8988,-4.1536,-17.7942,3.586452,-5.502978,16.59292919,
346,0.06162,0,4.39,0,0.442,5.898,52.3,8.0136,3,352,18.8,364.61,12.67,17.2,36.3411,-0.006679608,0,0,-7.680192,22.4218368,-11.96190072,0.8988,-4.1536,-17.7942,3.390873,-6.621342,14.83469547,
347,0.0187,85,4.15,0,0.429,6.516,27.7,8.5353,4,351,17.9,392.43,6.36,23.1,36.3411,-0.00202708,3.893,0,-7.454304,24.7712256,-12.74064231,1.1984,-4.1418,-16.94235,3.649599,-3.323736,25.24846521,
348,0.01501,80,2.01,0,0.435,6.635,29.7,8.344,4,280,17,390.94,5.99,24.5,36.3411,-0.001627084,3.664,0,-7.55856,25.223616,-12.4550888,1.1984,-3.304,-16.0905,3.635742,-3.130374,27.52270812,
349,0.02899,40,1.25,0,0.429,6.939,34.5,8.7921,1,335,19.7,389.85,5.89,26.6,36.3411,-0.003142516,1.832,0,-7.454304,26.3793024,-13.12396767,0.2996,-3.953,-18.64605,3.625605,-3.078114,22.21902921,
350,0.06211,40,1.25,0,0.429,6.49,44.4,8.7921,1,335,19.7,396.9,5.98,22.9,36.3411,-0.006732724,1.832,0,-7.454304,24.672384,-13.12396767,0.2996,-3.953,-18.64605,3.69117,-3.125148,20.52705161,
351,0.0795,60,1.69,0,0.411,6.579,35.9,10.7103,4,411,18.3,370.78,5.49,24.1,36.3411,-0.0086178,2.748,0,-7.141536,25.0107264,-15.98726481,1.1984,-4.8498,-17.32095,3.448254,-2.869074,20.56923779,
352,0.07244,60,1.69,0,0.411,5.884,18.5,10.7103,4,411,18.3,392.33,7.79,18.6,36.3411,-0.007852496,2.748,0,-7.141536,22.3686144,-15.98726481,1.1984,-4.8498,-17.32095,3.648669,-4.071054,16.92632609,
353,0.01709,90,2.02,0,0.41,6.728,36.1,12.1265,5,187,17,384.46,4.5,30.1,36.3411,-0.001852556,4.122,0,-7.12416,25.5771648,-18.10122655,1.498,-2.2066,-16.0905,3.575478,-2.3517,25.23770369,
354,0.04301,80,1.91,0,0.413,5.663,21.9,10.5857,4,334,22,382.8,8.05,18.2,36.3411,-0.004662284,3.664,0,-7.176288,21.5284608,-15.80127439,1.1984,-3.9412,-20.823,3.56004,-4.20693,14.33864613,
355,0.10659,80,1.91,0,0.413,5.936,19.5,10.5857,4,334,22,376.04,5.57,20.6,36.3411,-0.011554356,3.664,0,-7.176288,22.5662976,-15.80127439,1.1984,-3.9412,-20.823,3.497172,-2.910882,16.60277085,
356,8.98296,0,18.1,1,0.77,6.212,97.4,2.1222,24,666,20.2,377.73,17.6,17.8,36.3411,-0.973752864,0,2.7187,-13.37952,23.6155392,-3.16780794,7.1904,-7.8588,-19.1193,3.512889,-9.19776,19.6816874,
357,3.8497,0,18.1,1,0.77,6.395,91,2.5052,24,666,20.2,391.34,13.27,21.7,36.3411,-0.41730748,0,2.7187,-13.37952,24.311232,-3.73951204,7.1904,-7.8588,-19.1193,3.639462,-6.934902,22.75155248,
358,5.20177,0,18.1,1,0.77,6.127,83.4,2.7227,24,666,20.2,395.43,11.48,22.7,36.3411,-0.563871868,0,2.7187,-13.37952,23.2924032,-4.06417429,7.1904,-7.8588,-19.1193,3.677499,-5.999448,22.23498804,
359,4.26131,0,18.1,0,0.77,6.112,81.3,2.5091,24,666,20.2,390.74,12.67,22.6,36.3411,-0.461926004,0,0,-13.37952,23.2353792,-3.74533357,7.1904,-7.8588,-19.1193,3.633882,-6.621342,19.21453963,
360,4.54192,0,18.1,0,0.77,6.398,88,2.5182,24,666,20.2,374.56,7.79,25,36.3411,-0.492344128,0,0,-13.37952,24.3226368,-3.75891714,7.1904,-7.8588,-19.1193,3.483408,-4.071054,22.65760953,
361,3.83684,0,18.1,0,0.77,6.251,91.1,2.2955,24,666,20.2,350.65,14.19,19.9,36.3411,-0.415913456,0,0,-13.37952,23.7638016,-3.42649285,7.1904,-7.8588,-19.1193,3.261045,-7.415694,18.94062629,
362,3.67822,0,18.1,0,0.77,5.362,96.2,2.1036,24,666,20.2,380.79,10.19,20.8,36.3411,-0.398719048,0,0,-13.37952,20.3841792,-3.14004372,7.1904,-7.8588,-19.1193,3.541347,-5.325294,18.23534943,
363,4.22239,0,18.1,1,0.77,5.803,89,1.9047,24,666,20.2,353.04,14.64,16.8,36.3411,-0.457707076,0,2.7187,-13.37952,22.0606848,-2.84314569,7.1904,-7.8588,-19.1193,3.283272,-7.650864,20.28482003,
364,3.47428,0,18.1,1,0.718,8.78,82.9,1.9047,24,666,20.2,354.55,5.29,21.9,36.3411,-0.376611952,0,2.7187,-12.475968,33.378048,-2.84314569,7.1904,-7.8588,-19.1193,3.297315,-2.764554,37.48718336,
365,4.55587,0,18.1,0,0.718,3.561,87.9,1.6132,24,666,20.2,354.7,7.12,27.5,36.3411,-0.493856308,0,0,-12.475968,13.5374976,-2.40802364,7.1904,-7.8588,-19.1193,3.29871,-3.720912,14.29084765,
366,3.69695,0,18.1,0,0.718,4.963,91.4,1.7523,24,666,20.2,316.03,14,21.9,36.3411,-0.40074938,0,0,-12.475968,18.8673408,-2.61565821,7.1904,-7.8588,-19.1193,2.939079,-7.3164,15.55104421,
367,13.5222,0,18.1,0,0.631,3.863,100,1.5106,24,666,20.2,131.42,13.33,23.1,36.3411,-1.46580648,0,0,-10.964256,14.6855808,-2.25487262,7.1904,-7.8588,-19.1193,1.222206,-6.966258,10.8099937,
368,4.89822,0,18.1,0,0.631,4.97,100,1.3325,24,666,20.2,375.52,3.26,50,36.3411,-0.530967048,0,0,-10.964256,18.893952,-1.98902275,7.1904,-7.8588,-19.1193,3.492336,-1.703676,23.7517662,
369,5.66998,0,18.1,1,0.631,6.683,96.8,1.3567,24,666,20.2,375.33,3.73,50,36.3411,-0.614625832,0,2.7187,-10.964256,25.4060928,-2.02514609,7.1904,-7.8588,-19.1193,3.490569,-1.949298,32.61543588,
370,6.53876,0,18.1,1,0.631,7.016,97.5,1.2024,24,666,20.2,392.05,2.96,50,36.3411,-0.708801584,0,2.7187,-10.964256,26.6720256,-1.79482248,7.1904,-7.8588,-19.1193,3.646065,-1.546896,34.57541454,
371,9.2323,0,18.1,0,0.631,6.216,100,1.1691,24,666,20.2,366.15,9.53,50,36.3411,-1.00078132,0,0,-10.964256,23.6307456,-1.74511557,7.1904,-7.8588,-19.1193,3.405195,-4.980378,24.89880971,
372,8.26725,0,18.1,1,0.668,5.875,89.6,1.1296,24,666,20.2,347.88,8.88,50,36.3411,-0.8961699,0,2.7187,-11.607168,22.3344,-1.68615392,7.1904,-7.8588,-19.1193,3.235284,-4.640688,26.01160418,
373,11.1081,0,18.1,0,0.668,4.906,100,1.1742,24,666,20.2,396.9,34.77,13.8,36.3411,-1.20411804,0,0,-11.607168,18.6506496,-1.75272834,7.1904,-7.8588,-19.1193,3.69117,-18.170802,6.16040322,
374,18.4982,0,18.1,0,0.668,4.138,100,1.137,24,666,20.2,396.9,37.97,13.8,36.3411,-2.00520488,0,0,-11.607168,15.7310208,-1.6971999,7.1904,-7.8588,-19.1193,3.69117,-19.843122,0.82289602,
375,19.6091,0,18.1,0,0.671,7.313,97.9,1.3163,24,666,20.2,396.9,13.44,15,36.3411,-2.12562644,0,0,-11.659296,27.8011008,-1.96484101,7.1904,-7.8588,-19.1193,3.69117,-7.023744,25.27216335,
376,15.288,0,18.1,0,0.671,6.649,93.3,1.3449,24,666,20.2,363.02,23.24,13.9,36.3411,-1.6572192,0,0,-11.659296,25.2768384,-2.00753223,7.1904,-7.8588,-19.1193,3.376086,-12.145224,17.73705297,
377,9.82349,0,18.1,0,0.671,6.794,98.8,1.358,24,666,20.2,396.9,21.24,13.3,36.3411,-1.064866316,0,0,-11.659296,25.8280704,-2.0270866,7.1904,-7.8588,-19.1193,3.69117,-11.100024,20.22136748,
378,23.6482,0,18.1,0,0.671,6.38,96.2,1.3861,24,666,20.2,396.9,23.69,13.1,36.3411,-2.56346488,0,0,-11.659296,24.254208,-2.06903147,7.1904,-7.8588,-19.1193,3.69117,-12.380394,15.82659165,
379,17.8667,0,18.1,0,0.671,6.223,100,1.3861,24,666,20.2,393.74,21.78,10.2,36.3411,-1.93675028,0,0,-11.659296,23.6573568,-2.06903147,7.1904,-7.8588,-19.1193,3.661782,-11.382228,16.82523305,
380,88.9762,0,18.1,0,0.671,6.968,91.9,1.4165,24,666,20.2,396.9,17.21,10.4,36.3411,-9.64502008,0,0,-11.659296,26.4895488,-2.11440955,7.1904,-7.8588,-19.1193,3.69117,-8.993946,14.32144717,
381,15.8744,0,18.1,0,0.671,6.545,99.1,1.5192,24,666,20.2,396.9,21.08,10.9,36.3411,-1.72078496,0,0,-11.659296,24.881472,-2.26770984,7.1904,-7.8588,-19.1193,3.69117,-11.016408,18.4618432,
382,9.18702,0,18.1,0,0.7,5.536,100,1.5804,24,666,20.2,396.9,23.6,11.3,36.3411,-0.995872968,0,0,-12.1632,21.0456576,-2.35906308,7.1904,-7.8588,-19.1193,3.69117,-12.33336,13.43873155,
383,7.99248,0,18.1,0,0.7,5.52,100,1.5331,24,666,20.2,396.9,24.56,12.3,36.3411,-0.866384832,0,0,-12.1632,20.984832,-2.28845837,7.1904,-7.8588,-19.1193,3.69117,-12.835056,13.0763028,
384,20.0849,0,18.1,0,0.7,4.368,91.2,1.4395,24,666,20.2,285.83,30.63,8.8,36.3411,-2.17720316,0,0,-12.1632,16.6053888,-2.14874165,7.1904,-7.8588,-19.1193,2.658219,-16.007238,3.32062499,
385,16.8118,0,18.1,0,0.7,5.277,98.1,1.4261,24,666,20.2,396.9,30.81,7.2,36.3411,-1.82239912,0,0,-12.1632,20.0610432,-2.12873947,7.1904,-7.8588,-19.1193,3.69117,-16.101306,8.08996861,
386,24.3938,0,18.1,0,0.7,4.652,100,1.4672,24,666,20.2,396.9,28.28,10.5,36.3411,-2.64428792,0,0,-12.1632,17.6850432,-2.19008944,7.1904,-7.8588,-19.1193,3.69117,-14.779128,6.15290784,
387,22.5971,0,18.1,0,0.7,5,89.5,1.5184,24,666,20.2,396.9,31.99,7.4,36.3411,-2.44952564,0,0,-12.1632,19.008,-2.26651568,7.1904,-7.8588,-19.1193,3.69117,-16.717974,5.65535468,
388,14.3337,0,18.1,0,0.7,4.88,100,1.5895,24,666,20.2,372.92,30.62,10.2,36.3411,-1.55377308,0,0,-12.1632,18.551808,-2.37264665,7.1904,-7.8588,-19.1193,3.468156,-16.002012,6.48173227,
389,8.15174,0,18.1,0,0.7,5.39,98.9,1.7281,24,666,20.2,396.9,20.85,11.5,36.3411,-0.883648616,0,0,-12.1632,20.490624,-2.57953487,7.1904,-7.8588,-19.1193,3.69117,-10.89621,14.21260051,
390,6.96215,0,18.1,0,0.7,5.713,97,1.9265,24,666,20.2,394.43,17.11,15.1,36.3411,-0.75469706,0,0,-12.1632,21.7185408,-2.87568655,7.1904,-7.8588,-19.1193,3.668199,-8.941686,17.20487019,
391,5.29305,0,18.1,0,0.7,6.051,82.5,2.1678,24,666,20.2,378.38,18.76,23.2,36.3411,-0.57376662,0,0,-12.1632,23.0034816,-3.23587506,7.1904,-7.8588,-19.1193,3.518934,-9.803976,17.29899792,
392,11.5779,0,18.1,0,0.7,5.036,97,1.77,24,666,20.2,396.9,25.68,9.7,36.3411,-1.25504436,0,0,-12.1632,19.1448576,-2.642079,7.1904,-7.8588,-19.1193,3.69117,-13.420368,9.90873624,
393,8.64476,0,18.1,0,0.693,6.193,92.6,1.7912,24,666,20.2,396.9,15.17,13.8,36.3411,-0.937091984,0,0,-12.041568,23.5433088,-2.67372424,7.1904,-7.8588,-19.1193,3.69117,-7.927842,20.20765258,
394,13.3598,0,18.1,0,0.693,5.887,94.7,1.7821,24,666,20.2,396.9,16.35,12.7,36.3411,-1.44820232,0,0,-12.041568,22.3800192,-2.66014067,7.1904,-7.8588,-19.1193,3.69117,-8.54451,17.93016821,
395,8.71675,0,18.1,0,0.693,6.471,98.8,1.7257,24,666,20.2,391.98,17.12,13.1,36.3411,-0.9448957,0,0,-12.041568,24.6001536,-2.57595239,7.1904,-7.8588,-19.1193,3.645414,-8.946912,20.28963951,
396,5.87205,0,18.1,0,0.693,6.405,96,1.6768,24,666,20.2,396.9,19.37,12.5,36.3411,-0.63653022,0,0,-12.041568,24.349248,-2.50295936,7.1904,-7.8588,-19.1193,3.69117,-10.122762,19.28999842,
397,7.67202,0,18.1,0,0.693,5.747,98.9,1.6334,24,666,20.2,393.1,19.92,8.5,36.3411,-0.831646968,0,0,-12.041568,21.8477952,-2.43817618,7.1904,-7.8588,-19.1193,3.65583,-10.410192,16.33544205,
398,38.3518,0,18.1,0,0.693,5.453,100,1.4896,24,666,20.2,396.9,30.59,5,36.3411,-4.15733512,0,0,-12.041568,20.7301248,-2.22352592,7.1904,-7.8588,-19.1193,3.69117,-15.986334,6.56593176,
399,9.91655,0,18.1,0,0.693,5.852,77.8,1.5004,24,666,20.2,338.16,29.97,6.3,36.3411,-1.07495402,0,0,-12.041568,22.2469632,-2.23964708,7.1904,-7.8588,-19.1193,3.144888,-15.662322,10.9267601,
400,25.0461,0,18.1,0,0.693,5.987,100,1.5888,24,666,20.2,396.9,26.77,5.6,36.3411,-2.71499724,0,0,-12.041568,22.7601792,-2.37160176,7.1904,-7.8588,-19.1193,3.69117,-13.990002,11.8865802,
401,14.2362,0,18.1,0,0.693,6.343,100,1.5741,24,666,20.2,396.9,20.32,7.2,36.3411,-1.54320408,0,0,-12.041568,24.1135488,-2.34965907,7.1904,-7.8588,-19.1193,3.69117,-10.619232,17.80445565,
402,9.59571,0,18.1,0,0.693,6.404,100,1.639,24,666,20.2,376.11,20.31,12.1,36.3411,-1.040174964,0,0,-12.041568,24.3454464,-2.4465353,7.1904,-7.8588,-19.1193,3.497823,-10.614006,18.25438514,
403,24.8017,0,18.1,0,0.693,5.349,96,1.7028,24,666,20.2,396.9,19.77,8.3,36.3411,-2.68850428,0,0,-12.041568,20.3347584,-2.54176956,7.1904,-7.8588,-19.1193,3.69117,-10.331802,12.97568456,
404,41.5292,0,18.1,0,0.693,5.531,85.4,1.6074,24,666,20.2,329.46,27.38,8.5,36.3411,-4.50176528,0,0,-12.041568,21.0266496,-2.39936598,7.1904,-7.8588,-19.1193,3.063978,-14.308788,7.39254034,
405,67.9208,0,18.1,0,0.693,5.683,100,1.4254,24,666,20.2,384.97,22.98,5,36.3411,-7.36261472,0,0,-12.041568,21.6044928,-2.12769458,7.1904,-7.8588,-19.1193,3.580221,-12.009348,8.1968885,
406,20.7162,0,18.1,0,0.659,4.138,100,1.1781,24,666,20.2,370.22,23.34,11.9,36.3411,-2.24563608,0,0,-11.450784,15.7310208,-1.75854987,7.1904,-7.8588,-19.1193,3.443046,-12.197484,8.07501285,
407,11.9511,0,18.1,0,0.659,5.608,100,1.2852,24,666,20.2,332.09,12.13,27.9,36.3411,-1.29549924,0,0,-11.450784,21.3193728,-1.91841804,7.1904,-7.8588,-19.1193,3.088437,-6.339138,19.95737052,
408,7.40389,0,18.1,0,0.597,5.617,97.9,1.4547,24,666,20.2,314.64,26.4,17.2,36.3411,-0.802581676,0,0,-10.373472,21.3535872,-2.17143069,7.1904,-7.8588,-19.1193,2.926152,-13.79664,13.68901483,
409,14.4383,0,18.1,0,0.597,6.852,100,1.4655,24,666,20.2,179.36,19.78,27.5,36.3411,-1.56511172,0,0,-10.373472,26.0485632,-2.18755185,7.1904,-7.8588,-19.1193,1.668048,-10.337028,19.80684763,
410,51.1358,0,18.1,0,0.597,5.757,100,1.413,24,666,20.2,2.6,10.11,15,36.3411,-5.54312072,0,0,-10.373472,21.8858112,-2.1091851,7.1904,-7.8588,-19.1193,0.02418,-5.283486,15.15412738,
411,14.0507,0,18.1,0,0.597,6.657,100,1.5275,24,666,20.2,35.05,21.22,17.2,36.3411,-1.52309588,0,0,-10.373472,25.3072512,-2.28009925,7.1904,-7.8588,-19.1193,0.325965,-11.089572,16.92037707,
412,18.811,0,18.1,0,0.597,4.628,100,1.5539,24,666,20.2,28.79,34.37,17.9,36.3411,-2.0391124,0,0,-10.373472,17.5938048,-2.31950653,7.1904,-7.8588,-19.1193,0.267747,-17.961762,1.72109887,
413,28.6558,0,18.1,0,0.597,5.155,100,1.5894,24,666,20.2,210.97,20.08,16.3,36.3411,-3.10628872,0,0,-10.373472,19.597248,-2.37249738,7.1904,-7.8588,-19.1193,1.962021,-10.493808,11.7666029,
414,45.7461,0,18.1,0,0.693,4.519,100,1.6582,24,666,20.2,88.27,36.98,7,36.3411,-4.95887724,0,0,-12.041568,17.1794304,-2.47519514,7.1904,-7.8588,-19.1193,0.820911,-19.325748,-4.24764698,
415,18.0846,0,18.1,0,0.679,6.434,100,1.8347,24,666,20.2,27.25,29.05,7.2,36.3411,-1.96037064,0,0,-11.798304,24.4594944,-2.73865669,7.1904,-7.8588,-19.1193,0.253425,-15.18153,9.58745807,
416,10.8342,0,18.1,0,0.679,6.782,90.8,1.8195,24,666,20.2,21.57,25.79,7.5,36.3411,-1.17442728,0,0,-11.798304,25.7824512,-2.71596765,7.1904,-7.8588,-19.1193,0.200601,-13.477854,13.36989927,
417,25.9406,0,18.1,0,0.679,5.304,89.1,1.6475,24,666,20.2,127.36,26.64,10.4,36.3411,-2.81196104,0,0,-11.798304,20.1636864,-2.45922325,7.1904,-7.8588,-19.1193,1.184448,-13.922064,6.90998211,
418,73.5341,0,18.1,0,0.679,5.957,100,1.8026,24,666,20.2,16.45,20.62,8.8,36.3411,-7.97109644,0,0,-11.798304,22.6461312,-2.69074102,7.1904,-7.8588,-19.1193,0.152985,-10.776012,6.11636274,
419,11.8123,0,18.1,0,0.718,6.824,76.5,1.794,24,666,20.2,48.45,22.74,8.4,36.3411,-1.28045332,0,0,-12.475968,25.9421184,-2.6779038,7.1904,-7.8588,-19.1193,0.450585,-11.883924,14.62785428,
420,11.0874,0,18.1,0,0.718,6.411,100,1.8589,24,666,20.2,318.75,15.02,16.7,36.3411,-1.20187416,0,0,-12.475968,24.3720576,-2.77478003,7.1904,-7.8588,-19.1193,2.964375,-7.849452,19.58775841,
421,7.02259,0,18.1,0,0.718,6.006,95.3,1.8746,24,666,20.2,319.98,15.7,14.2,36.3411,-0.761248756,0,0,-12.475968,22.8324096,-2.79821542,7.1904,-7.8588,-19.1193,2.975814,-8.20482,18.12137142,
422,12.0482,0,18.1,0,0.614,5.648,87.6,1.9512,24,666,20.2,291.55,14.1,20.8,36.3411,-1.30602488,0,0,-10.668864,21.4714368,-2.91255624,7.1904,-7.8588,-19.1193,2.711415,-7.36866,18.48014668,
423,7.05042,0,18.1,0,0.614,6.103,85.1,2.0218,24,666,20.2,2.52,23.29,13.4,36.3411,-0.764265528,0,0,-10.668864,23.2011648,-3.01794086,7.1904,-7.8588,-19.1193,0.023436,-12.171354,13.15557641,
424,8.79212,0,18.1,0,0.584,5.565,70.6,2.0635,24,666,20.2,3.65,17.16,11.7,36.3411,-0.953065808,0,0,-10.147584,21.155904,-3.08018645,7.1904,-7.8588,-19.1193,0.033945,-8.967816,14.59459674,
425,15.8603,0,18.1,0,0.679,5.896,95.4,1.9096,24,666,20.2,7.68,24.39,8.3,36.3411,-1.71925652,0,0,-11.798304,22.4142336,-2.85045992,7.1904,-7.8588,-19.1193,0.071424,-12.746214,9.92482316,
426,12.2472,0,18.1,0,0.584,5.837,59.7,1.9976,24,666,20.2,24.65,15.69,10.2,36.3411,-1.32759648,0,0,-10.147584,22.1899392,-2.98181752,7.1904,-7.8588,-19.1193,0.229245,-8.199594,16.3159922,
427,37.6619,0,18.1,0,0.679,6.202,78.7,1.8629,24,666,20.2,18.82,14.52,10.9,36.3411,-4.08254996,0,0,-11.798304,23.5775232,-2.78075083,7.1904,-7.8588,-19.1193,0.175026,-7.588152,14.05619241,
428,7.36711,0,18.1,0,0.679,6.193,78.1,1.9356,24,666,20.2,96.73,21.52,11,36.3411,-0.798594724,0,0,-11.798304,23.5433088,-2.88927012,7.1904,-7.8588,-19.1193,0.899589,-11.246352,14.26377696,
429,9.33889,0,18.1,0,0.679,6.38,95.6,1.9682,24,666,20.2,60.72,24.08,9.5,36.3411,-1.012335676,0,0,-11.798304,24.254208,-2.93793214,7.1904,-7.8588,-19.1193,0.564696,-12.584208,13.03952418,
430,8.49213,0,18.1,0,0.584,6.348,86.1,2.0527,24,666,20.2,83.45,17.64,14.5,36.3411,-0.920546892,0,0,-10.147584,24.1325568,-3.06406529,7.1904,-7.8588,-19.1193,0.776085,-9.218664,18.11118162,
431,10.0623,0,18.1,0,0.584,6.833,94.3,2.0882,24,666,20.2,81.33,19.69,14.1,36.3411,-1.09075332,0,0,-10.147584,25.9763328,-3.11705614,7.1904,-7.8588,-19.1193,0.756369,-10.289994,18.64071434,
432,6.44405,0,18.1,0,0.584,6.425,74.8,2.2004,24,666,20.2,97.95,12.03,16.1,36.3411,-0.69853502,0,0,-10.147584,24.42528,-3.28453708,7.1904,-7.8588,-19.1193,0.910935,-6.286878,21.4720809,
433,5.58107,0,18.1,0,0.713,6.436,87.9,2.3158,24,666,20.2,100.19,16.22,14.3,36.3411,-0.604987988,0,0,-12.389088,24.4670976,-3.45679466,7.1904,-7.8588,-19.1193,0.931767,-8.476572,17.02482195,
434,13.9134,0,18.1,0,0.713,6.208,95,2.2222,24,666,20.2,100.63,15.17,11.7,36.3411,-1.50821256,0,0,-12.389088,23.6003328,-3.31707794,7.1904,-7.8588,-19.1193,0.935859,-7.927842,15.9473713,
435,11.1604,0,18.1,0,0.74,6.629,94.6,2.1247,24,666,20.2,109.85,23.27,13.4,36.3411,-1.20978736,0,0,-12.85824,25.2008064,-3.17153969,7.1904,-7.8588,-19.1193,1.021605,-12.160902,13.37534235,
436,14.4208,0,18.1,0,0.74,6.461,93.3,2.0026,24,666,20.2,27.49,18.05,9.6,36.3411,-1.56321472,0,0,-12.85824,24.5621376,-2.98928102,7.1904,-7.8588,-19.1193,0.255657,-9.43293,14.52752886,
437,15.1772,0,18.1,0,0.74,6.152,100,1.9142,24,666,20.2,9.32,26.45,8.7,36.3411,-1.64520848,0,0,-12.85824,23.3874432,-2.85732634,7.1904,-7.8588,-19.1193,0.086676,-13.82277,8.84397438,
438,13.6781,0,18.1,0,0.74,5.935,87.9,1.8206,24,666,20.2,68.95,34.02,8.4,36.3411,-1.48270604,0,0,-12.85824,22.562496,-2.71760962,7.1904,-7.8588,-19.1193,0.641235,-17.778852,4.91972334,
439,9.39063,0,18.1,0,0.74,5.627,93.9,1.8172,24,666,20.2,396.9,22.88,12.8,36.3411,-1.017944292,0,0,-12.85824,21.3916032,-2.71253444,7.1904,-7.8588,-19.1193,3.69117,-11.957088,13.09036647,
440,22.0511,0,18.1,0,0.74,5.818,92.4,1.8662,24,666,20.2,391.45,22.11,10.5,36.3411,-2.39033924,0,0,-12.85824,22.1177088,-2.78567674,7.1904,-7.8588,-19.1193,3.640485,-11.554686,12.72265182,
441,9.72418,0,18.1,0,0.74,6.406,97.2,2.0651,24,666,20.2,385.96,19.52,17.1,36.3411,-1.054101112,0,0,-12.85824,24.3530496,-3.08257477,7.1904,-7.8588,-19.1193,3.589428,-10.201152,17.29980972,
442,5.66637,0,18.1,0,0.74,6.219,100,2.0048,24,666,20.2,395.69,16.59,18.4,36.3411,-0.614234508,0,0,-12.85824,23.6421504,-2.99256496,7.1904,-7.8588,-19.1193,3.679917,-8.669934,18.74049393,
443,9.96654,0,18.1,0,0.74,6.485,100,1.9784,24,666,20.2,386.73,18.85,15.4,36.3411,-1.080372936,0,0,-12.85824,24.653376,-2.95315768,7.1904,-7.8588,-19.1193,3.596589,-9.85101,18.06058438,
444,12.8023,0,18.1,0,0.74,5.854,96.6,1.8956,24,666,20.2,240.52,23.79,10.8,36.3411,-1.38776932,0,0,-12.85824,22.2545664,-2.82956212,7.1904,-7.8588,-19.1193,2.236836,-12.432654,11.53657696,
445,10.6718,0,18.1,0,0.74,6.459,94.8,1.9879,24,666,20.2,43.06,23.98,11.8,36.3411,-1.15682312,0,0,-12.85824,24.5545344,-2.96733833,7.1904,-7.8588,-19.1193,0.400458,-12.531948,11.99404295,
446,6.28807,0,18.1,0,0.74,6.341,96.4,2.072,24,666,20.2,318.01,17.79,14.9,36.3411,-0.681626788,0,0,-12.85824,24.1059456,-3.0928744,7.1904,-7.8588,-19.1193,2.957493,-9.297054,17.68704341,
447,9.92485,0,18.1,0,0.74,6.251,96.6,2.198,24,666,20.2,388.52,16.44,12.6,36.3411,-1.07585374,0,0,-12.85824,23.7638016,-3.2809546,7.1904,-7.8588,-19.1193,3.613236,-8.591544,18.12384526,
448,9.32909,0,18.1,0,0.713,6.185,98.7,2.2616,24,666,20.2,396.9,18.13,14.1,36.3411,-1.011273356,0,0,-12.389088,23.512896,-3.37589032,7.1904,-7.8588,-19.1193,3.69117,-9.474738,17.50647632,
449,7.52601,0,18.1,0,0.713,6.417,98.3,2.185,24,666,20.2,304.21,19.31,13,36.3411,-0.815819484,0,0,-12.389088,24.3948672,-3.2615495,7.1904,-7.8588,-19.1193,2.829153,-10.091406,17.21955722,
450,6.71772,0,18.1,0,0.713,6.749,92.6,2.3236,24,666,20.2,0.32,17.44,13.4,36.3411,-0.728200848,0,0,-12.389088,25.6569984,-3.46843772,7.1904,-7.8588,-19.1193,0.002976,-9.114144,16.51350383,
451,5.44114,0,18.1,0,0.713,6.655,98.2,2.3552,24,666,20.2,355.29,17.73,15.2,36.3411,-0.589819576,0,0,-12.389088,25.299648,-3.51560704,7.1904,-7.8588,-19.1193,3.304197,-9.265698,19.39703238,
452,5.09017,0,18.1,0,0.713,6.297,91.8,2.3682,24,666,20.2,385.09,17.27,16.1,36.3411,-0.551774428,0,0,-12.389088,23.9386752,-3.53501214,7.1904,-7.8588,-19.1193,3.581337,-9.025302,18.57223563,
453,8.24809,0,18.1,0,0.713,7.393,99.3,2.4527,24,666,20.2,375.87,16.74,17.8,36.3411,-0.894092956,0,0,-12.389088,28.1052288,-3.66114529,7.1904,-7.8588,-19.1193,3.495591,-8.748324,22.46156955,
454,9.51363,0,18.1,0,0.713,6.728,94.1,2.4961,24,666,20.2,6.68,18.71,14.9,36.3411,-1.031277492,0,0,-12.389088,25.5771648,-3.72592847,7.1904,-7.8588,-19.1193,0.062124,-9.777846,15.26854884,
455,4.75237,0,18.1,0,0.713,6.525,86.5,2.4358,24,666,20.2,50.92,18.13,14.1,36.3411,-0.515156908,0,0,-12.389088,24.80544,-3.63591866,7.1904,-7.8588,-19.1193,0.473556,-9.474738,15.81749443,
456,4.66883,0,18.1,0,0.713,5.976,87.9,2.5806,24,666,20.2,10.48,19.01,12.7,36.3411,-0.506101172,0,0,-12.389088,22.7183616,-3.85206162,7.1904,-7.8588,-19.1193,0.097464,-9.934626,12.68734881,
457,8.20058,0,18.1,0,0.713,5.936,80.3,2.7792,24,666,20.2,3.5,16.94,13.5,36.3411,-0.888942872,0,0,-12.389088,22.5662976,-4.14851184,7.1904,-7.8588,-19.1193,0.03255,-8.852844,12.87286089,
458,7.75223,0,18.1,0,0.713,6.301,83.7,2.7831,24,666,20.2,272.21,16.23,14.9,36.3411,-0.840341732,0,0,-12.389088,23.9538816,-4.15433337,7.1904,-7.8588,-19.1193,2.531553,-8.481798,17.1732735,
459,6.80117,0,18.1,0,0.713,6.081,84.4,2.7175,24,666,20.2,396.9,14.7,20,36.3411,-0.737246828,0,0,-12.389088,23.1175296,-4.05641225,7.1904,-7.8588,-19.1193,3.69117,-7.68222,18.49713252,
460,4.81213,0,18.1,0,0.713,6.701,90,2.5975,24,666,20.2,255.23,16.42,16.4,36.3411,-0.521634892,0,0,-12.389088,25.4745216,-3.87728825,7.1904,-7.8588,-19.1193,2.373639,-8.581092,19.03245746,
461,3.69311,0,18.1,0,0.713,6.376,88.4,2.5671,24,666,20.2,391.43,14.65,17.7,36.3411,-0.400333124,0,0,-12.389088,24.2390016,-3.83191017,7.1904,-7.8588,-19.1193,3.640299,-7.65609,20.15527931,
462,6.65492,0,18.1,0,0.713,6.317,83,2.7344,24,666,20.2,396.9,13.99,19.5,36.3411,-0.721393328,0,0,-12.389088,24.0147072,-4.08163888,7.1904,-7.8588,-19.1193,3.69117,-7.311174,19.75598299,
463,5.82115,0,18.1,0,0.713,6.513,89.9,2.8016,24,666,20.2,393.82,10.29,20.2,36.3411,-0.63101266,0,0,-12.389088,24.7598208,-4.18194832,7.1904,-7.8588,-19.1193,3.662526,-5.377554,22.39614382,
464,7.83932,0,18.1,0,0.655,6.209,65.4,2.9634,24,666,20.2,396.9,13.22,21.4,36.3411,-0.849782288,0,0,-11.38128,23.6041344,-4.42346718,7.1904,-7.8588,-19.1193,3.69117,-6.908772,20.28540293,
465,3.1636,0,18.1,0,0.655,5.759,48.2,3.0665,24,666,20.2,334.4,14.13,19.9,36.3411,-0.34293424,0,0,-11.38128,21.8934144,-4.57736455,7.1904,-7.8588,-19.1193,3.10992,-7.384338,17.87081761,
466,3.77498,0,18.1,0,0.655,5.952,84.7,2.8715,24,666,20.2,22.01,17.15,19,36.3411,-0.409207832,0,0,-11.38128,22.6271232,-4.28628805,7.1904,-7.8588,-19.1193,0.204693,-8.96259,14.34585032,
467,4.42228,0,18.1,0,0.584,6.003,94.5,2.5403,24,666,20.2,331.29,21.32,19.1,36.3411,-0.479375152,0,0,-10.147584,22.8210048,-3.79190581,7.1904,-7.8588,-19.1193,3.080997,-11.141832,16.89470484,
468,15.5757,0,18.1,0,0.58,5.926,71,2.9084,24,666,20.2,368.74,18.13,19.1,36.3411,-1.68840588,0,0,-10.07808,22.5282816,-4.34136868,7.1904,-7.8588,-19.1193,3.429282,-9.474738,16.92837104,
469,13.0751,0,18.1,0,0.58,5.713,56.7,2.8237,24,666,20.2,396.9,14.76,20.1,36.3411,-1.41734084,0,0,-10.07808,21.7185408,-4.21493699,7.1904,-7.8588,-19.1193,3.69117,-7.713576,18.53917697,
470,4.34879,0,18.1,0,0.58,6.167,84,3.0334,24,666,20.2,396.9,16.29,19.9,36.3411,-0.471408836,0,0,-10.07808,23.4444672,-4.52795618,7.1904,-7.8588,-19.1193,3.69117,-8.513154,20.09843818,
471,4.03841,0,18.1,0,0.532,6.229,90.7,3.0993,24,666,20.2,395.33,12.87,19.6,36.3411,-0.437763644,0,0,-9.244032,23.6801664,-4.62632511,7.1904,-7.8588,-19.1193,3.676569,-6.725862,22.87615265,
472,3.56868,0,18.1,0,0.58,6.437,75,2.8965,24,666,20.2,393.37,14.36,23.2,36.3411,-0.386844912,0,0,-10.07808,24.4708992,-4.32360555,7.1904,-7.8588,-19.1193,3.658341,-7.504536,22.38957374,
473,4.64689,0,18.1,0,0.614,6.98,67.6,2.5329,24,666,20.2,374.68,11.66,29.8,36.3411,-0.503722876,0,0,-10.668864,26.535168,-3.78085983,7.1904,-7.8588,-19.1193,3.484524,-6.093516,25.52612929,
474,8.05579,0,18.1,0,0.584,5.427,95.4,2.4298,24,666,20.2,352.58,18.14,13.8,36.3411,-0.873247636,0,0,-10.147584,20.6312832,-3.62696246,7.1904,-7.8588,-19.1193,3.278994,-9.479964,16.3359191,
475,6.39312,0,18.1,0,0.584,6.162,97.4,2.206,24,666,20.2,302.76,24.1,13.3,36.3411,-0.693014208,0,0,-10.147584,23.4254592,-3.2928962,7.1904,-7.8588,-19.1193,2.815668,-12.59466,16.06637279,
476,4.87141,0,18.1,0,0.614,6.484,93.6,2.3053,24,666,20.2,396.21,18.68,16.7,36.3411,-0.528060844,0,0,-10.668864,24.6495744,-3.44112131,7.1904,-7.8588,-19.1193,3.684753,-9.762168,20.48751325,
477,15.0234,0,18.1,0,0.614,5.304,97.3,2.1007,24,666,20.2,349.48,24.91,12,36.3411,-1.62853656,0,0,-10.668864,20.1636864,-3.13571489,7.1904,-7.8588,-19.1193,3.250164,-13.017966,11.51616895,
478,10.233,0,18.1,0,0.614,6.185,96.7,2.1705,24,666,20.2,379.7,18.03,14.6,36.3411,-1.1092572,0,0,-10.668864,23.512896,-3.23990535,7.1904,-7.8588,-19.1193,3.53121,-9.422478,19.15700145,
479,14.3337,0,18.1,0,0.614,6.229,88,1.9512,24,666,20.2,383.32,13.11,21.4,36.3411,-1.55377308,0,0,-10.668864,23.6801664,-2.91255624,7.1904,-7.8588,-19.1193,3.564876,-6.851286,21.81196308,
480,5.82401,0,18.1,0,0.532,6.242,64.7,3.4242,24,666,20.2,396.9,10.74,23,36.3411,-0.631322684,0,0,-9.244032,23.7295872,-5.11130334,7.1904,-7.8588,-19.1193,3.69117,-5.612724,23.37477518,
481,5.70818,0,18.1,0,0.532,6.75,74.9,3.3317,24,666,20.2,393.07,7.74,23.7,36.3411,-0.618766712,0,0,-9.244032,25.6608,-4.97322859,7.1904,-7.8588,-19.1193,3.655551,-4.044924,26.9887997,
482,5.73116,0,18.1,0,0.532,7.061,77,3.4106,24,666,20.2,395.28,7.01,25,36.3411,-0.621257744,0,0,-9.244032,26.8430976,-5.09100262,7.1904,-7.8588,-19.1193,3.676104,-3.663426,28.45288324,
483,2.81838,0,18.1,0,0.532,5.762,40.3,4.0983,24,666,20.2,392.92,10.42,21.8,36.3411,-0.305512392,0,0,-9.244032,21.9048192,-6.11753241,7.1904,-7.8588,-19.1193,3.654156,-5.445492,20.9998064,
484,2.37857,0,18.1,0,0.583,5.871,41.9,3.724,24,666,20.2,370.73,13.34,20.6,36.3411,-0.257836988,0,0,-10.130208,22.3191936,-5.5588148,7.1904,-7.8588,-19.1193,3.447789,-6.971484,19.40203881,
485,3.67367,0,18.1,0,0.583,6.312,51.9,3.9917,24,666,20.2,388.62,10.58,21.2,36.3411,-0.398225828,0,0,-10.130208,23.9956992,-5.95841059,7.1904,-7.8588,-19.1193,3.614166,-5.529108,22.14731278,
486,5.69175,0,18.1,0,0.583,6.114,79.8,3.5459,24,666,20.2,392.68,14.98,19.1,36.3411,-0.6169857,0,0,-10.130208,23.2429824,-5.29296493,7.1904,-7.8588,-19.1193,3.651924,-7.828548,19.57959977,
487,4.83567,0,18.1,0,0.583,5.905,53.2,3.1523,24,666,20.2,388.22,11.45,20.6,36.3411,-0.524186628,0,0,-10.130208,22.448448,-4.70543821,7.1904,-7.8588,-19.1193,3.610446,-5.98377,21.26869116,
488,0.15086,0,27.74,0,0.609,5.454,92.7,1.8209,4,711,20.1,395.09,18.06,15.2,36.3411,-0.016353224,0,0,-10.581984,20.7339264,-2.71805743,1.1984,-8.3898,-19.02465,3.674337,-9.438156,11.77876275,
489,0.18337,0,27.74,0,0.609,5.414,98.3,1.7554,4,711,20.1,344.05,23.97,7,36.3411,-0.019877308,0,0,-10.581984,20.5818624,-2.62028558,1.1984,-8.3898,-19.02465,3.199665,-12.526722,8.157708512,
490,0.20746,0,27.74,0,0.609,5.093,98,1.8226,4,711,20.1,318.43,29.68,8.1,36.3411,-0.022488664,0,0,-10.581984,19.3615488,-2.72059502,1.1984,-8.3898,-19.02465,2.961399,-15.510768,3.612162116,
491,0.10574,0,27.74,0,0.609,5.983,98.8,1.8681,4,711,20.1,390.11,18.07,13.6,36.3411,-0.011462216,0,0,-10.581984,22.7449728,-2.78851287,1.1984,-8.3898,-19.02465,3.628023,-9.443382,13.67270471,
492,0.11132,0,27.74,0,0.609,5.983,83.5,2.1099,4,711,20.1,396.9,13.35,20.1,36.3411,-0.012067088,0,0,-10.581984,22.7449728,-3.14944773,1.1984,-8.3898,-19.02465,3.69117,-6.97671,15.84098398,
493,0.17331,0,9.69,0,0.585,5.707,54,2.3817,6,391,19.2,396.9,12.01,21.8,36.3411,-0.018786804,0,0,-10.16496,21.6957312,-3.55516359,1.7976,-4.6138,-18.1728,3.69117,-6.276426,20.72366481,
494,0.27957,0,9.69,0,0.585,5.926,42.6,2.3817,6,391,19.2,396.9,13.59,24.5,36.3411,-0.030305388,0,0,-10.16496,22.5282816,-3.55516359,1.7976,-4.6138,-18.1728,3.69117,-7.102134,20.71898862,
495,0.17899,0,9.69,0,0.585,5.67,28.8,2.7986,6,391,19.2,393.29,17.6,23.1,36.3411,-0.019402516,0,0,-10.16496,21.555072,-4.17747022,1.7976,-4.6138,-18.1728,3.657597,-9.19776,17.00517626,
496,0.2896,0,9.69,0,0.585,5.39,72.9,2.7986,6,391,19.2,396.9,21.14,19.7,36.3411,-0.03139264,0,0,-10.16496,20.490624,-4.17747022,1.7976,-4.6138,-18.1728,3.69117,-11.047764,14.11230714,
497,0.26838,0,9.69,0,0.585,5.794,70.6,2.8927,6,391,19.2,396.9,14.1,18.3,36.3411,-0.029092392,0,0,-10.16496,22.0264704,-4.31793329,1.7976,-4.6138,-18.1728,3.69117,-7.36866,19.18909472,
498,0.23912,0,9.69,0,0.585,6.019,65.3,2.4091,6,391,19.2,396.9,12.92,21.2,36.3411,-0.025920608,0,0,-10.16496,22.8818304,-3.59606357,1.7976,-4.6138,-18.1728,3.69117,-6.751992,21.38616422,
499,0.17783,0,9.69,0,0.585,5.569,73.5,2.3999,6,391,19.2,395.77,15.1,17.5,36.3411,-0.019276772,0,0,-10.16496,21.1711104,-3.58233073,1.7976,-4.6138,-18.1728,3.680661,-7.89126,18.5460439,
500,0.22438,0,9.69,0,0.585,6.027,79.7,2.4982,6,391,19.2,396.9,14.33,16.8,36.3411,-0.024322792,0,0,-10.16496,22.9122432,-3.72906314,1.7976,-4.6138,-18.1728,3.69117,-7.488858,20.54830927,
501,0.06263,0,11.93,0,0.573,6.593,69.1,2.4786,1,273,21,391.99,9.67,22.4,36.3411,-0.006789092,0,0,-9.956448,25.0639488,-3.69980622,0.2996,-3.2214,-19.8765,3.645507,-5.053542,23.53567049,
502,0.04527,0,11.93,0,0.573,6.12,76.7,2.2875,1,273,21,396.9,9.08,20.6,36.3411,-0.004907268,0,0,-9.956448,23.265792,-3.41455125,0.2996,-3.2214,-19.8765,3.69117,-4.745208,22.37864748,
503,0.06076,0,11.93,0,0.573,6.976,91,2.1675,1,273,21,396.9,5.64,23.9,36.3411,-0.006586384,0,0,-9.956448,26.5199616,-3.23542725,0.2996,-3.2214,-19.8765,3.69117,-2.947464,27.60800597,
504,0.10959,0,11.93,0,0.573,6.794,89.3,2.3889,1,273,21,393.45,6.48,22,36.3411,-0.011879556,0,0,-9.956448,25.8280704,-3.56591103,0.2996,-3.2214,-19.8765,3.659085,-3.386448,26.10926881,
505,0.04741,0,11.93,0,0.573,6.03,80.8,2.505,1,273,21,396.9,7.88,11.9,36.3411,-0.005139244,0,0,-9.956448,22.923648,-3.7392135,0.2996,-3.2214,-19.8765,3.69117,-4.118088,22.33872926,
