,CRIM,ZN,CHAS,NOX,RM,DIS,RAD,TAX,PTRATIO,B,LSTAT,Price,Price_Est,SST,SSR,RMSE
0,0.00632,18,0,0.538,6.575,4.09,1,296,15.3,396.9,4.98,24,30.12087591,2.152657283,57.57880007,37.46512193
1,0.02731,0,0,0.469,6.421,4.9671,2,242,17.8,396.9,9.14,21.6,24.99498503,0.870127638,6.06232396,11.52592333
2,0.02729,0,0,0.469,7.185,4.9671,2,242,17.8,392.83,4.03,34.7,30.53204459,148.0406019,63.9878129,17.37185227
3,0.03237,0,0,0.458,6.998,6.0622,3,222,18.7,394.63,2.94,33.4,28.64719895,118.0958984,37.38579721,22.5891178
4,0.06905,0,0,0.458,7.147,6.0622,3,222,18.7,396.9,5.33,36.2,27.98175824,186.792183,29.69107698,67.53949763
5,0.02985,0,0,0.458,6.43,6.0622,3,222,18.7,394.12,5.21,28.7,25.29711832,38.03427784,7.641420811,11.57960373
6,0.08829,12.5,0,0.524,6.012,5.5605,5,311,15.2,395.6,12.43,22.9,22.97862821,0.134831196,0.198757158,0.006182396
7,0.14455,12.5,0,0.524,6.172,5.9505,5,311,15.2,396.9,19.15,27.1,19.49885063,20.85925807,9.204887154,57.77747175
8,0.21124,12.5,0,0.524,5.631,6.0821,5,311,15.2,386.63,29.93,16.5,11.50937751,36.39475214,121.5159827,24.9063128
9,0.17004,12.5,0,0.524,6.004,6.5921,5,311,15.2,386.71,17.1,18.9,18.87626539,13.19728179,13.37029157,0.000563332
10,0.22489,12.5,0,0.524,6.377,6.3467,5,311,15.2,392.52,20.45,15,18.95794803,56.74317112,12.77961179,15.66535264
11,0.11747,12.5,0,0.524,6.009,6.2267,5,311,15.2,396.9,13.27,18.9,21.54272956,13.19728179,0.980251995,6.984019538
12,0.09378,12.5,0,0.524,5.889,5.4509,5,311,15.2,390.5,15.71,21.7,20.91247822,0.693566373,2.625463171,0.620190557
13,0.62976,0,0,0.538,5.949,4.7075,4,307,21,396.9,8.26,20.4,19.58717317,4.548862816,8.676754702,0.660687462
14,0.63796,0,0,0.538,6.096,4.4619,4,307,21,380.02,10.26,18.2,19.30954261,18.77321064,10.389429,1.231084795
15,0.62739,0,0,0.538,5.834,4.4986,4,307,21,395.62,8.47,19.9,19.3404211,6.93166914,10.19132339,0.313128541
16,1.05393,0,0,0.538,5.935,4.4986,4,307,21,386.85,6.58,23.1,20.58429877,0.321708666,3.796681696,6.328752689
17,0.7842,0,0,0.538,5.99,4.2579,4,307,21,386.75,14.67,17.5,16.95315439,25.3291395,31.13251571,0.299040121
18,0.80271,0,0,0.538,5.456,3.7965,4,307,21,288.99,11.69,20.2,16.25800529,5.441985346,39.37312807,15.53932233
19,0.7258,0,0,0.538,5.727,3.7965,4,307,21,390.95,11.28,18.2,18.45906993,18.77321064,16.59532821,0.067117229
20,1.25179,0,0,0.538,5.57,3.7979,4,307,21,376.57,21.02,13.6,12.57925363,79.79502882,99.07321115,1.041923144
21,0.85204,0,0,0.538,5.965,4.0123,4,307,21,392.53,13.83,19.6,17.71010565,8.601352935,23.25844175,3.571700639
22,1.23247,0,0,0.538,6.142,3.9769,4,307,21,396.9,18.72,15.2,15.87971882,53.77004859,44.26357331,0.462017677
23,0.98843,0,0,0.538,5.813,4.0952,4,307,21,394.54,19.88,14.5,13.85069595,64.52597744,75.37904058,0.421595752
24,0.75026,0,0,0.538,5.924,4.3996,4,307,21,394.33,16.3,15.6,15.7130683,48.06380353,46.50882677,0.01278444
25,0.84054,0,0,0.538,5.599,4.4546,4,307,21,303.42,16.51,13.9,13.43045444,74.52534503,82.85280975,0.220473029
26,0.67191,0,0,0.538,5.813,4.682,4,307,21,376.88,14.81,16.6,15.49443436,35.19819088,49.53867996,1.222275393
27,0.95577,0,0,0.538,6.047,4.4534,4,307,21,306.38,17.28,14.8,14.74799755,59.79629365,60.60324762,0.002704255
28,0.77299,0,0,0.538,6.495,4.4547,4,307,21,387.94,12.8,18.4,19.56874319,17.08008811,8.785670239,1.365960654
29,1.00245,0,0,0.538,6.674,4.239,4,307,21,380.23,11.98,21,20.90316052,2.349495227,2.655745447,0.009377885
30,1.13081,0,0,0.538,5.713,4.233,4,307,21,360.17,22.6,12.7,11.5082949,96.68408021,121.5398522,1.420161055
31,1.35472,0,0,0.538,6.072,4.175,4,307,21,376.73,13.04,14.5,18.08543805,64.52597744,19.77908455,12.85536602
32,1.38799,0,0,0.538,5.95,3.99,4,307,21,232.6,27.71,13.2,8.887234884,87.10127388,186.2016199,18.59994295
33,1.15172,0,0,0.538,5.701,3.7872,4,307,21,358.77,18.35,13.1,14.33388471,88.97783515,67.2223156,1.522471483
34,1.61282,0,0,0.538,6.096,3.7598,4,307,21,248.31,20.34,13.5,13.75918145,81.59159009,76.9764934,0.067175025
35,0.06417,0,0,0.499,5.933,3.3603,5,279,19.2,396.9,9.68,18.9,23.86789496,13.19728179,1.782461671,24.67998035
36,0.09744,0,0,0.499,5.841,3.3779,5,279,19.2,377.56,11.41,20,22.40430977,6.415107875,0.016511363,5.780705489
37,0.08014,0,0,0.499,5.85,3.9342,5,279,19.2,396.9,8.77,21,23.16953648,2.349495227,0.405425297,4.706888555
38,0.17505,0,0,0.499,5.966,3.8473,5,279,19.2,393.43,10.13,24.7,22.98694247,4.696728429,0.206239639,2.934566101
39,0.02763,75,0,0.428,6.595,5.4011,3,252,18.3,395.63,4.32,30.8,31.37148394,68.34649127,78.12222196,0.326593891
40,0.03359,75,0,0.428,7.024,5.4011,3,252,18.3,395.62,1.98,34.9,34.22451527,152.9474794,136.6960582,0.456279615
41,0.12744,0,0,0.448,6.77,5.7209,3,233,17.9,385.41,4.84,26.6,28.00206107,16.5420644,29.91274752,1.965775255
42,0.1415,0,0,0.448,6.169,5.7209,3,233,17.9,383.37,5.81,25.3,25.18988137,7.65736084,7.060047799,0.012126113
43,0.15936,0,0,0.448,6.211,5.7209,3,233,17.9,394.46,7.44,24.7,24.59891155,4.696728429,4.268790788,0.010218876
44,0.12269,0,0,0.448,6.069,5.7209,3,233,17.9,389.39,9.55,21.2,22.91322237,1.776372698,0.144716371,2.935130903
45,0.17142,0,0,0.448,5.682,5.1004,3,233,17.9,396.9,10.21,19.3,22.08786819,10.45103673,0.197969941,7.772209056
46,0.18836,0,0,0.448,5.786,5.1004,3,233,17.9,396.9,14.15,20,20.4223543,6.415107875,4.454007763,0.178383151
47,0.22927,0,0,0.448,6.03,5.6894,3,233,17.9,392.74,18.8,16.6,17.99753175,35.19819088,20.56871544,1.953094998
48,0.25387,0,0,0.448,5.399,5.87,3,233,17.9,396.9,30.81,14.4,9.088735892,66.14253871,180.7430298,28.20952642
49,0.21977,0,0,0.448,5.602,6.0877,3,233,17.9,396.9,16.2,19.4,17.17438234,9.814475464,28.71270757,4.95337396
50,0.08873,21,0,0.439,5.963,6.8147,4,243,16.8,395.56,13.45,19.7,21.24139378,8.02479167,1.667746364,2.375894779
51,0.04337,21,0,0.439,6.115,6.8147,4,243,16.8,393.97,9.43,20.5,23.910219,4.132301551,1.897265685,11.62959364
52,0.0536,21,0,0.439,6.511,6.8147,4,243,16.8,396.9,5.28,25,27.61058267,6.087044634,25.78381262,6.815141877
53,0.04981,21,0,0.439,5.998,6.8147,4,243,16.8,396.9,8.43,23.4,24.01458271,0.752024872,2.195661246,0.377711903
54,0.0136,75,0,0.41,5.888,7.3197,3,469,21.1,396.9,14.8,18.9,15.45831037,13.19728179,50.048493,11.84522751
55,0.01311,90,0,0.403,7.249,8.6966,5,226,17.9,395.93,4.81,35.4,31.09282746,165.5646731,73.27396178,18.55173532
56,0.02055,85,0,0.41,6.383,9.1876,2,313,17.3,396.9,5.77,24.7,24.86611266,4.696728429,5.444318457,0.027593416
57,0.01432,100,0,0.411,6.816,8.3248,5,256,15.1,392.9,3.95,31.6,33.03803835,82.21400116,110.3599,2.067954302
58,0.15445,25,0,0.453,6.145,7.8148,8,284,19.7,390.68,6.86,23.3,21.74154766,0.588586136,0.626090274,2.428773696
59,0.10328,25,0,0.453,5.927,6.932,8,284,19.7,396.9,9.22,19.6,21.06061125,8.601352935,2.167358342,2.133385218
60,0.14932,25,0,0.453,5.741,7.2254,8,284,19.7,395.11,13.15,18.7,17.84009973,14.69040432,22.02149516,0.739428471
61,0.17171,25,0,0.453,5.966,6.8185,8,284,19.7,378.08,14.44,16,18.46787929,42.67755847,16.52363183,6.09042817
62,0.11027,25,0,0.453,6.456,7.2255,8,284,19.7,396.9,6.73,22.2,23.93406648,0.110760049,1.96353003,3.006986564
63,0.1265,25,0,0.453,6.762,7.9809,8,284,19.7,395.58,9.5,25,22.50813317,6.087044634,0.000608765,6.209400298
64,0.01951,17.5,0,0.4161,7.104,9.2229,3,216,18.6,393.24,8.05,33,23.34517709,109.5621434,0.659946255,93.2156055
65,0.03584,80,0,0.398,6.29,6.6115,4,337,16.1,396.9,4.67,23.5,30.36242289,0.935463607,61.30289563,47.09284798
66,0.04379,80,0,0.398,5.787,6.6115,4,337,16.1,396.9,10.24,19.4,25.53847431,9.814475464,9.034040065,37.6808669
67,0.05789,12.5,0,0.409,5.878,6.498,4,345,18.9,396.21,8.1,22,21.13702392,0.283882579,1.948208508,0.744727708
68,0.13554,12.5,0,0.409,5.594,6.498,4,345,18.9,396.9,13.09,17.4,17.44759526,26.34570076,25.85937153,0.002265309
69,0.12816,12.5,0,0.409,5.885,6.498,4,345,18.9,396.9,8.79,20.9,20.80184086,2.666056492,2.996241452,0.009635218
70,0.08826,0,0,0.413,6.417,5.2873,4,305,19.2,383.73,6.72,24.2,25.14117611,2.779534753,6.803592919,0.885812463
71,0.15876,0,0,0.413,5.961,5.2873,4,305,19.2,376.94,9.88,21.7,21.68544131,0.693566373,0.718027474,0.000211956
72,0.09164,0,0,0.413,6.065,5.2873,4,305,19.2,390.91,5.52,22.8,24.49654051,0.07139246,3.856251969,2.878249716
73,0.19539,0,0,0.413,6.245,5.2873,4,305,19.2,377.17,7.54,23.4,23.98614801,0.752024872,2.112202068,0.343569494
74,0.07896,0,0,0.437,6.273,4.2515,5,398,18.7,394.92,6.78,24.1,25.47202949,2.456096018,8.639032795,1.88246491
75,0.09512,0,0,0.437,6.286,4.5026,5,398,18.7,383.23,8.94,21.4,23.90734857,1.283250168,1.889366391,6.286796862
76,0.10153,0,0,0.437,6.279,4.0522,5,398,18.7,373.66,11.97,20,22.87987561,6.415107875,0.120457088,8.293683518
77,0.08707,0,0,0.437,6.14,4.0905,5,398,18.7,386.96,10.27,20.8,23.30796026,3.002617757,0.600863627,6.289864676
78,0.05646,0,0,0.437,6.232,5.0141,5,398,18.7,386.4,12.34,21.2,21.19537787,1.776372698,1.788714881,2.14E-05
79,0.08387,0,0,0.437,5.874,4.5026,5,398,18.7,396.06,9.1,20.3,22.37801187,4.985424081,0.023961322,4.31813334
80,0.04113,25,0,0.426,6.727,5.4007,4,281,19,396.9,5.29,28,28.41691982,29.89020669,34.62279161,0.173822135
81,0.04462,25,0,0.426,6.619,5.4007,4,281,19,395.63,7.22,23.9,26.9855397,1.869218547,19.82683453,9.520555253
82,0.03659,25,0,0.426,6.302,5.4007,4,281,19,396.9,6.72,24.8,26.05441395,5.140167164,12.4017203,1.573554368
83,0.03551,25,0,0.426,6.167,5.4007,4,281,19,390.64,7.51,22.9,25.07024303,0.134831196,6.438585016,4.709954792
84,0.05059,0,0,0.449,6.389,4.7794,3,247,18.5,396.9,9.62,23.9,24.82571206,1.869218547,5.257416732,0.856942825
85,0.05735,0,0,0.449,6.63,4.4377,3,247,18.5,392.3,6.53,26.6,27.82327447,16.5420644,27.9890532,1.496400429
86,0.05188,0,0,0.449,6.015,4.4272,3,247,18.5,395.99,12.86,22.5,22.22781577,0.001076255,0.093019239,0.074084256
87,0.07151,0,0,0.449,6.121,3.7476,3,247,18.5,395.15,8.44,22.2,25.9451764,0.110760049,11.64426951,14.02634624
88,0.0566,0,0,0.489,7.007,3.4217,2,270,17.8,396.9,5.5,23.6,30.75071017,1.138902342,67.53394362,51.13265594
89,0.05302,0,0,0.489,7.079,3.4145,2,270,17.8,396.06,5.7,28.7,30.92322888,38.03427784,70.3991907,4.942746662
90,0.04684,0,0,0.489,6.417,3.0923,2,270,17.8,392.18,8.81,22.6,27.22681753,0.00451499,22.03374124,21.40744049
91,0.03932,0,0,0.489,6.405,3.0921,2,270,17.8,393.55,8.2,22,27.51383904,0.283882579,24.81068694,30.40242098
92,0.04203,28,0,0.464,6.442,3.6659,4,270,18.2,395.01,8.16,22.9,28.76957522,0.134831196,38.89728624,34.45191324
93,0.02875,28,0,0.464,6.211,3.6659,4,270,18.2,396.33,6.21,25,28.92419117,6.087044634,40.84980025,15.39927634
94,0.04294,28,0,0.464,6.249,3.615,4,270,18.2,396.9,10.59,20.6,26.8594052,3.735740287,18.71945787,39.18015351
95,0.12204,0,0,0.445,6.625,3.4952,2,276,18,357.98,6.65,28.4,28.72318982,34.42396163,38.32084788,0.104451662
96,0.11504,0,0,0.445,6.163,3.4952,2,276,18,391.83,11.34,21.4,24.83142042,1.283250168,5.28362678,11.77464613
97,0.12083,0,0,0.445,8.069,3.4952,2,276,18,396.9,4.21,38.7,35.84993139,261.3781514,177.34582,8.122891093
98,0.08187,0,0,0.445,7.82,3.4952,2,276,18,393.53,3.57,43.8,35.21067925,452.2935268,160.728462,73.77643091
99,0.0686,0,0,0.445,7.416,3.4952,2,276,18,396.9,6.19,33.2,32.33840032,113.7890209,96.14967361,0.742354009
100,0.14866,0,0,0.52,6.727,2.7778,5,384,20.9,394.76,9.42,27.5,24.6497324,24.67301301,4.481375994,8.124025414
101,0.11432,0,0,0.52,6.781,2.8561,5,384,20.9,395.58,7.67,26.5,25.66403884,15.73862566,9.804617081,0.698831058
102,0.22876,0,0,0.52,6.405,2.7147,5,384,20.9,70.8,10.63,18.6,19.86594973,15.46696558,7.112124115,1.602628709
103,0.21161,0,0,0.52,6.137,2.7147,5,384,20.9,394.47,13.44,19.3,20.39060499,10.45103673,4.589026573,1.189419235
104,0.1396,0,0,0.52,6.167,2.421,5,384,20.9,392.69,12.33,20.1,21.51439686,5.918546611,1.037157837,2.000518478
105,0.13262,0,0,0.52,5.851,2.1069,5,384,20.9,394.05,16.47,19.5,18.63178896,9.1979142,15.21793646,0.753790407
106,0.1712,0,0,0.52,5.836,2.211,5,384,20.9,395.67,18.66,19.5,17.28576482,9.1979142,27.53144455,4.902837432
107,0.13117,0,0,0.52,6.127,2.1224,5,384,20.9,387.69,14.09,20.4,20.84269089,4.548862816,2.856490174,0.195975226
108,0.12802,0,0,0.52,6.474,2.4329,5,384,20.9,395.24,12.27,19.8,22.7200512,7.468230405,0.035060644,8.526699022
109,0.26363,0,0,0.52,6.229,2.5451,5,384,20.9,391.23,15.55,19.4,19.85505714,9.814475464,7.170340704,0.207076999
110,0.10793,0,0,0.52,6.195,2.7778,5,384,20.9,393.49,13,21.7,20.74897733,0.693566373,3.182045887,0.904444123
111,0.10084,0,0,0.547,6.715,2.6775,6,432,17.8,395.59,10.16,22.8,26.57820769,0.07139246,16.36527224,14.27485338
112,0.12329,0,0,0.547,5.913,2.3534,6,432,17.8,394.95,16.21,18.8,20.84299298,13.93384305,2.855469124,4.173820333
113,0.22212,0,0,0.547,6.092,2.548,6,432,17.8,396.9,17.09,18.7,20.78053379,14.69040432,3.070459027,4.32862086
114,0.14231,0,0,0.547,6.254,2.2565,6,432,17.8,388.74,10.45,18.5,25.23434245,16.26352685,7.298297418,45.35136818
115,0.17134,0,0,0.547,5.928,2.4631,6,432,17.8,344.91,15.76,18.3,20.50085717,17.91664938,4.128817349,4.8437723
116,0.13158,0,0,0.547,6.176,2.7301,6,432,17.8,393.3,12.04,21.2,23.44351206,1.776372698,0.829384934,5.033346354
117,0.15098,0,0,0.547,6.021,2.7474,6,432,17.8,394.51,10.3,19.2,23.74691439,11.10759799,1.474058391,20.67443045
118,0.13058,0,0,0.547,5.872,2.4775,6,432,17.8,338.63,15.37,20.4,20.41630108,4.548862816,4.479594457,0.000265725
119,0.14476,0,0,0.547,5.731,2.7592,6,432,17.8,391.5,13.61,19.3,20.86971178,10.45103673,2.765883476,2.46399506
120,0.06899,0,0,0.581,5.87,2.2577,2,188,19.1,389.15,14.37,22,21.59547169,0.283882579,0.878596209,0.16364315
121,0.07165,0,0,0.581,6.004,2.1974,2,188,19.1,377.67,14.27,20.3,22.14010356,4.985424081,0.154215461,3.385981112
122,0.09299,0,0,0.581,5.961,2.0869,2,188,19.1,378.09,17.93,20.5,20.23045485,4.132301551,5.300822292,0.072654586
123,0.15038,0,0,0.581,5.856,1.9444,2,188,19.1,370.31,25.41,17.3,16.05637353,27.38226203,41.94418176,1.546606802
124,0.09849,0,0,0.581,5.879,2.0063,2,188,19.1,379.38,17.58,18.8,20.23334607,13.93384305,5.287517442,2.054480968
125,0.16902,0,0,0.581,5.986,1.9929,2,188,19.1,385.02,14.81,21.4,22.152528,1.283250168,0.144611602,0.566298394
126,0.38735,0,0,0.581,5.613,1.7572,2,188,19.1,359.29,27.26,15.7,14.31703462,46.68724226,67.49890469,1.912593242
127,0.25915,0,0,0.624,5.693,1.7883,4,437,21.2,392.11,17.19,16.2,15.08262653,40.10443594,55.50517896,1.248523471
128,0.32543,0,0,0.624,6.431,1.8125,4,437,21.2,396.9,15.39,18,18.83012624,20.54633317,13.70983982,0.689109571
129,0.88125,0,0,0.624,5.637,1.9799,4,437,21.2,396.9,18.34,14.3,13.95985697,67.77909997,73.49546063,0.115697281
130,0.34006,0,0,0.624,6.458,2.1185,4,437,21.2,395.04,12.6,19.2,19.91517335,11.10759799,6.852002408,0.511472915
131,1.19294,0,0,0.624,6.326,2.271,4,437,21.2,396.9,12.26,19.6,19.2882552,8.601352935,10.52711197,0.097184818
132,0.59005,0,0,0.624,6.372,2.3274,4,437,21.2,385.76,11.12,23,19.9364558,0.218269931,6.741036044,9.385303065
133,0.32982,0,0,0.624,5.822,2.4699,4,437,21.2,388.69,15.03,18.4,15.64495798,17.08008811,47.44245478,7.590256521
134,0.97617,0,0,0.624,5.757,2.346,4,437,21.2,262.76,17.31,15.6,13.15005817,48.06380353,88.03596289,6.002214961
135,0.55778,0,0,0.624,6.335,2.1107,4,437,21.2,394.67,16.96,18.1,17.15364176,19.64977191,28.93541143,0.895593922
136,0.32264,0,0,0.624,5.942,1.9669,4,437,21.2,378.25,16.9,17.4,15.77840239,26.34570076,45.62197245,2.629578796
137,0.35233,0,0,0.624,6.454,1.8498,4,437,21.2,394.08,14.59,17.1,19.25082337,29.51538456,10.77141212,4.62604116
138,0.2498,0,0,0.624,5.857,1.6686,4,437,21.2,392.04,21.32,13.3,13.72678966,85.24471262,77.54592949,0.182149414
139,0.54452,0,0,0.624,6.151,1.6687,4,437,21.2,396.9,18.46,17.8,16.35219714,22.3994557,38.19992986,2.096133116
140,0.2909,0,0,0.624,6.174,1.6119,4,437,21.2,388.08,24.16,14,13.49106571,72.80878376,81.75307333,0.259014112
141,1.62864,0,0,0.624,5.019,1.4394,4,437,21.2,396.9,34.41,14.4,3.938073444,66.14253871,345.7640909,109.4519073
142,3.32105,0,1,0.871,5.403,1.3216,5,403,14.7,396.9,26.82,13.4,14.63668266,83.40815135,62.34876892,1.529384002
143,4.0974,0,0,0.871,5.468,1.4118,5,403,14.7,396.9,26.42,15.6,12.15532878,48.06380353,107.6920402,11.86575981
144,2.77974,0,0,0.871,4.903,1.3459,5,403,14.7,396.9,29.29,11.8,8.748766054,115.1931316,189.9997662,9.310028593
145,2.37934,0,0,0.871,6.13,1.4191,5,403,14.7,172.91,27.8,13.8,12.04303397,76.26190629,110.035324,3.086929617
146,2.15505,0,0,0.871,5.628,1.5166,5,403,14.7,169.27,16.65,15.6,15.80654356,48.06380353,45.24261077,0.042660242
147,2.36862,0,0,0.871,4.926,1.4608,5,403,14.7,391.71,29.53,14.6,8.535566032,62.92941618,195.9227358,36.77735935
148,2.33099,0,0,0.871,5.186,1.5296,5,403,14.7,356.99,28.32,17.8,9.734813364,22.3994557,163.7886238,65.04723547
149,2.73397,0,0,0.871,5.597,1.5257,5,403,14.7,351.85,21.45,15.4,14.80186946,50.87692606,59.76738477,0.35776014
150,1.6566,0,0,0.871,6.122,1.618,5,403,14.7,372.8,14.1,21.5,20.81266516,1.066688903,2.958885624,0.472429182
151,1.49632,0,0,0.871,5.404,1.5916,5,403,14.7,341.6,13.28,19.6,18.27826999,8.601352935,18.1010794,1.746970214
152,1.12658,0,1,0.871,5.012,1.6102,5,403,14.7,343.28,12.12,15.3,20.14089839,52.31348732,5.721223575,23.4342972
153,2.14918,0,0,0.871,5.709,1.6232,5,403,14.7,261.95,15.79,19.4,17.26734765,9.814475464,27.72505507,4.548206054
154,1.41385,0,1,0.871,6.129,1.7494,5,403,14.7,321.02,15.12,17,22.37354368,30.61194582,0.02536459,28.87497168
155,3.53501,0,1,0.871,6.152,1.7455,5,403,14.7,88.01,15.02,15.6,20.12213527,48.06380353,5.81133495,20.44970736
156,2.44668,0,0,0.871,5.272,1.7364,5,403,14.7,88.63,16.14,13.1,13.61003981,88.97783515,79.6157623,0.260140606
157,1.22358,0,0,0.605,6.943,1.8773,5,403,14.7,363.43,4.59,41.3,33.09846202,352.2075585,111.6330802,67.26522527
158,1.34284,0,0,0.605,6.066,1.7573,5,403,14.7,353.89,6.43,24.3,28.88034903,3.122973488,40.29129845,20.97959727
159,1.42502,0,0,0.871,6.51,1.7659,5,403,14.7,364.31,7.39,23.3,25.5197079,0.588586136,8.921581036,4.92710317
160,1.27346,0,1,0.605,6.25,1.7984,5,403,14.7,338.92,5.5,27,32.59151126,19.95581934,101.1775449,31.26499813
161,1.46336,0,0,0.605,7.489,1.9709,5,403,14.7,374.43,1.73,50,36.60536275,754.4467284,198.0368442,179.4163072
162,1.83377,0,1,0.605,7.802,2.0407,5,403,14.7,389.61,1.92,50,40.41150064,754.4467284,319.6477105,91.93931994
163,1.51902,0,1,0.605,8.375,2.162,5,403,14.7,388.45,3.32,50,41.70044383,754.4467284,367.3983276,68.88263259
164,2.24236,0,0,0.605,5.854,2.422,5,403,14.7,395.11,11.64,22.7,24.64530418,0.027953725,4.462647174,3.784208337
165,2.924,0,0,0.605,6.101,2.2834,5,403,14.7,240.16,9.81,25,25.23262082,6.087044634,7.288998312,0.054112446
166,2.01019,0,0,0.605,7.929,2.0459,5,403,14.7,369.3,3.7,50,37.02960687,754.4467284,210.1572262,168.2310978
167,1.80028,0,0,0.605,5.877,2.4259,5,403,14.7,227.61,12.14,23.8,22.95579092,1.605779812,0.178915967,0.712688974
168,2.3004,0,0,0.605,6.319,2.1,5,403,14.7,297.09,11.1,23.8,26.25802404,1.605779812,13.87724703,6.041882181
169,2.44953,0,0,0.605,6.402,2.2625,5,403,14.7,330.04,11.32,22.3,26.5062904,0.054198785,15.78857569,17.69287891
170,1.20742,0,0,0.605,5.875,2.4259,5,403,14.7,292.29,14.43,17.4,22.41722374,26.34570076,0.013359333,25.17253408
171,2.3139,0,0,0.605,5.88,2.3887,5,403,14.7,348.13,12.03,19.1,24.14536975,11.78415926,2.600360803,25.45575591
172,0.13914,0,0,0.51,5.572,2.5961,5,296,16.6,396.9,14.69,23.1,23.07904995,0.321708666,0.298382103,0.000438904
173,0.09178,0,0,0.51,6.416,2.6463,5,296,16.6,395.5,9.04,23.6,29.15747064,1.138902342,43.88617727,30.88547989
174,0.08447,0,0,0.51,5.859,2.7019,5,296,16.6,393.23,9.64,22.6,26.62310672,0.00451499,16.73055734,16.1853877
175,0.06664,0,0,0.51,6.546,3.1323,5,296,16.6,390.96,5.33,29.4,30.82557561,47.15834898,68.7700225,2.032265831
176,0.07022,0,0,0.51,6.02,3.5549,5,296,16.6,393.23,10.11,23.2,25.71781392,0.445147401,10.1442734,6.339386946
177,0.05425,0,0,0.51,6.315,3.3175,5,296,16.6,395.6,6.29,24.6,29.21375705,4.273289694,44.6351026,21.28675412
178,0.06642,0,0,0.51,6.86,2.9153,5,296,16.6,391.27,6.92,29.9,31.51516676,54.27554266,80.68279904,2.608763669
179,0.0578,0,0,0.488,6.98,2.829,3,193,17.8,396.9,5.04,37.2,32.99863218,215.1265703,109.5335108,17.65149156
180,0.06588,0,0,0.488,7.765,2.741,3,193,17.8,395.56,7.56,39.8,34.78395591,298.1559774,150.0906661,25.16069833
181,0.06888,0,0,0.488,6.144,2.5979,3,193,17.8,396.9,9.45,36.2,27.85959048,186.792183,28.37462942,69.56243099
182,0.09103,0,0,0.488,7.155,2.7006,3,193,17.8,394.12,4.82,37.9,33.94109073,236.1506415,130.148953,15.67296262
183,0.10008,0,0,0.488,6.563,2.847,3,193,17.8,396.9,5.68,32.5,31.04744923,99.34494977,72.49914378,2.109903745
184,0.08308,0,0,0.488,5.604,2.9879,3,193,17.8,391,13.98,26.4,22.8007862,14.95518693,0.071813213,12.95433999
185,0.06047,0,0,0.488,6.153,3.2797,3,193,17.8,387.11,13.15,29.6,24.85232666,49.94522645,5.380174598,22.54040212
186,0.05602,0,0,0.488,7.831,3.1992,3,193,17.8,392.63,4.45,50,35.95001219,754.4467284,180.0214133,197.4021574
187,0.07875,45,0,0.437,6.782,3.7886,5,398,15.2,393.87,6.68,32,33.51428248,89.6277561,120.5928186,2.293051429
188,0.12579,45,0,0.437,6.556,4.5667,5,398,15.2,382.84,4.56,29.8,32.49388487,52.81210392,99.22308588,7.257015714
189,0.0837,45,0,0.437,7.185,4.5667,5,398,15.2,396.9,5.39,34.9,34.58665383,152.9474794,145.2952397,0.098185822
190,0.09068,45,0,0.437,6.951,6.4798,5,398,15.2,377.68,5.1,37,30.81344643,209.2996929,68.56900053,38.2734451
191,0.06911,45,0,0.437,6.739,6.4798,5,398,15.2,389.71,4.69,30.5,30.33599042,63.47617507,60.88968197,0.026899144
192,0.08664,45,0,0.437,7.178,6.4798,5,398,15.2,390.49,2.87,36.4,32.96137856,192.2990604,108.755119,11.82411738
193,0.02187,60,0,0.401,6.8,6.2196,1,265,15.6,393.37,5.03,31.1,32.12269937,73.39680748,91.96604867,1.045914005
194,0.01439,60,0,0.401,6.604,6.2196,1,265,15.6,376.7,4.38,29.1,31.5630556,43.12803278,81.54540206,6.066642908
195,0.01381,80,0,0.422,7.875,5.6484,4,255,14.4,394.23,2.97,50,40.85118132,754.4467284,335.5628623,83.70088331
196,0.04011,80,0,0.404,7.287,7.309,2,329,12.6,396.9,4.08,33.3,36.12302498,115.9324597,184.694043,7.969470015
197,0.04666,80,0,0.404,7.107,7.309,2,329,12.6,354.31,8.61,30.3,32.67456196,60.3292976,102.8552073,5.638544483
198,0.03768,80,0,0.404,7.274,7.309,2,329,12.6,392.2,6.62,34.6,34.70275359,145.6171632,148.1076164,0.0105583
199,0.0315,95,0,0.403,6.975,7.6534,3,402,17,396.9,4.56,34.9,30.15090122,152.9474794,58.03536984,22.55393922
200,0.01778,95,0,0.403,7.135,7.6534,3,402,17,384.3,4.45,32.9,30.70095047,107.4787047,66.71857876,4.835818844
201,0.03445,82.5,0,0.415,6.162,6.27,2,348,14.7,393.77,7.43,24.1,29.32944882,2.456096018,46.19434922,27.34713496
202,0.02177,82.5,0,0.415,7.61,6.27,2,348,14.7,395.38,3.11,42.3,37.10814513,390.7419458,212.4405014,26.95535697
203,0.0351,95,0,0.4161,7.853,5.118,4,224,14.7,392.78,3.81,48.5,41.97586576,674.2951474,378.0325602,42.56432758
204,0.02009,95,0,0.4161,8.034,5.118,4,224,14.7,390.55,2.88,50,43.13086144,754.4467284,424.2798747,47.1850645
205,0.13642,0,0,0.489,5.891,3.9454,4,277,18.6,396.9,10.87,22.6,22.67078309,0.00451499,0.019037588,0.005010246
206,0.22969,0,0,0.489,6.326,4.3549,4,277,18.6,394.87,10.97,24.4,23.63196897,3.486412223,1.208158531,0.589871657
207,0.25199,0,0,0.489,5.783,4.3549,4,277,18.6,389.43,18.06,22.5,17.80945685,0.001076255,22.31003022,22.001195
208,0.13587,0,1,0.489,6.064,4.2392,4,277,18.6,381.32,14.66,24.4,23.48311625,3.486412223,0.903088959,0.840675807
209,0.43571,0,1,0.489,5.344,3.875,4,277,18.6,396.9,23.09,20,16.99647894,6.415107875,30.65092095,9.021138782
210,0.17446,0,1,0.489,5.96,3.8771,4,277,18.6,393.25,17.27,21.7,22.37103637,0.693566373,0.026169519,0.450289804
211,0.37578,0,1,0.489,5.404,3.665,4,277,18.6,395.24,23.98,19.3,17.06398635,10.45103673,29.90799193,4.999757052
212,0.21719,0,1,0.489,5.807,3.6526,4,277,18.6,390.94,16.03,22.4,22.74641178,0.01763752,0.045627292,0.120001124
213,0.14052,0,0,0.489,6.375,3.9454,4,277,18.6,385.81,9.38,28.1,25.18585005,30.99364542,7.038641022,8.492269919
214,0.28955,0,0,0.489,5.412,3.5875,4,277,18.6,348.93,29.55,23.7,11.15916573,1.362341077,129.3597004,157.2725242
215,0.19802,0,0,0.489,6.182,3.9454,4,277,18.6,393.63,9.47,25,24.47160025,6.087044634,3.758921895,0.279206294
216,0.0456,0,1,0.55,5.888,3.1121,5,276,16.4,392.8,13.51,23.3,26.54776009,0.588586136,16.11985374,10.5479456
217,0.07013,0,0,0.55,6.642,3.4211,5,276,16.4,392.78,9.69,28.7,28.22770914,38.03427784,32.43191806,0.223058658
218,0.11069,0,1,0.55,5.951,2.8893,5,276,16.4,396.9,17.92,21.5,24.84624269,1.066688903,5.351987838,11.19734017
219,0.11425,0,1,0.55,6.373,3.3633,5,276,16.4,393.74,10.5,23,29.59089619,0.218269931,49.81663255,43.43991259
220,0.35809,0,1,0.507,6.951,2.8617,8,307,17.4,391.7,9.71,26.7,33.23807705,17.36550313,114.6028214,42.74645156
221,0.40771,0,1,0.507,6.164,3.048,8,307,17.4,395.24,21.46,21.7,23.85512104,0.693566373,1.748516197,4.64454668
222,0.62356,0,1,0.507,6.879,3.2721,8,307,17.4,390.39,9.93,27.5,32.19582583,24.67301301,93.37394589,22.05078019
223,0.6147,0,0,0.507,6.618,3.2721,8,307,17.4,396.9,7.6,30.1,29.76406965,57.26242013,52.29116929,0.1128492
224,0.31533,0,0,0.504,8.266,2.8944,8,307,17.4,385.05,4.14,44.8,38.37546995,495.8279142,250.9899907,41.27458639
225,0.52693,0,0,0.504,8.725,2.8944,8,307,17.4,382,4.63,50,39.81302791,754.4467284,298.606058,103.7744004
226,0.38214,0,0,0.504,8.04,3.2157,8,307,17.4,387.38,3.13,37.6,37.57895663,227.0203253,226.3866391,0.000442823
227,0.41238,0,0,0.504,7.163,3.2157,8,307,17.4,372.08,6.36,31.6,32.41138742,82.21400116,97.58636443,0.658349542
228,0.29819,0,0,0.504,7.686,3.3751,8,307,17.4,377.51,3.92,46.7,35.49970903,584.0532502,168.1405659,125.4465177
229,0.44178,0,0,0.504,6.552,3.3751,8,307,17.4,380.34,3.76,31.5,31.28306448,80.41056242,76.56701776,0.047061021
230,0.537,0,0,0.504,5.981,3.6715,8,307,17.4,378.35,11.65,24.3,24.51777175,3.122973488,3.940087742,0.047424535
231,0.46296,0,0,0.504,7.412,3.6715,8,307,17.4,376.14,5.25,31.7,33.28997429,84.03743989,115.7166626,2.52801823
232,0.57529,0,0,0.507,8.337,3.8384,8,307,17.4,385.91,2.47,41.7,38.03670708,367.3813134,240.3709388,13.41971499
233,0.33147,0,0,0.507,8.247,3.6519,8,307,17.4,378.95,3.95,48.3,37.16120572,663.9482699,213.9900689,124.072738
234,0.44791,0,1,0.507,6.726,3.6519,8,307,17.4,360.2,8.05,29,31.76801503,41.82459404,85.28907977,7.661907184
235,0.33045,0,0,0.507,6.086,3.6519,8,307,17.4,376.75,10.88,24,25.30398069,2.152657283,7.679407366,1.70036564
236,0.52058,0,1,0.507,6.631,4.148,8,307,17.4,388.45,9.54,25.1,30.14250813,6.59048337,57.90756154,25.42688822
237,0.51183,0,0,0.507,7.358,4.148,8,307,17.4,390.07,4.73,31.5,32.71729183,80.41056242,103.723745,1.481799395
238,0.08244,30,0,0.428,6.481,6.1899,6,300,16.6,379.41,6.36,23.7,28.41821837,1.362341077,34.638075,22.26158462
239,0.09252,30,0,0.428,6.606,6.1899,6,300,16.6,383.78,7.37,23.3,28.4051407,0.588586136,34.48431105,26.06246159
240,0.11329,30,0,0.428,6.897,6.3361,6,300,16.6,391.25,11.38,22,27.26476709,0.283882579,22.39145273,27.71777255
241,0.10612,30,0,0.428,6.095,6.3361,6,300,16.6,394.62,12.4,20.1,23.71495012,5.918546611,1.397463959,13.06786438
242,0.1029,30,0,0.428,6.358,7.0355,6,300,16.6,372.75,11.22,22.2,24.08440259,0.110760049,2.407450972,3.550973121
243,0.12757,30,0,0.428,6.393,7.0355,6,300,16.6,374.71,5.19,23.7,27.38429036,1.362341077,23.53689737,13.57399547
244,0.20608,22,0,0.431,5.593,7.9549,7,330,19.1,372.49,12.5,17.6,16.2820815,24.33257823,39.07156085,1.736909178
245,0.19133,22,0,0.431,5.605,7.9549,7,330,19.1,389.13,18.46,18.5,13.3693556,16.26352685,83.96882921,26.32351198
246,0.33983,22,0,0.431,6.108,8.0555,7,330,19.1,390.18,9.16,24.3,19.98524238,3.122973488,6.49008206,18.61713334
247,0.19657,22,0,0.431,6.226,8.0555,7,330,19.1,376.14,10.15,20.5,19.80141456,4.132301551,7.460500958,0.488021614
248,0.16439,22,0,0.431,6.433,7.8265,7,330,19.1,374.71,9.52,24.5,21.24960137,3.869850958,1.646614944,10.56509123
249,0.19073,22,0,0.431,6.718,7.8265,7,330,19.1,393.74,6.56,26.2,24.05407712,13.44830946,2.314264828,4.604985015
250,0.1403,22,0,0.431,6.487,7.3967,7,330,19.1,396.28,5.9,24.4,24.19147459,3.486412223,2.751180416,0.043482847
251,0.21409,22,0,0.431,6.438,7.3967,7,330,19.1,377.07,3.59,24.8,25.02575035,5.140167164,6.214769936,0.050963222
252,0.08221,22,0,0.431,6.957,8.9067,7,330,19.1,386.09,3.53,29.6,24.87434155,49.94522645,5.482787195,22.33184782
253,0.36894,22,0,0.431,8.259,8.9067,7,330,19.1,396.9,3.54,42.8,29.88825021,410.7591395,54.10255482,166.7132825
254,0.04819,80,0,0.392,6.108,9.2203,1,315,16.4,392.89,6.57,21.9,23.92591019,0.400443844,1.940738392,4.104312114
255,0.03548,80,0,0.392,5.876,9.2203,1,315,16.4,395.18,9.25,20.9,21.66604576,2.666056492,0.751273879,0.586826103
256,0.01538,90,0,0.394,7.454,6.3361,3,244,15.9,386.34,3.11,44,37.43244474,460.8404043,221.9992249,43.13278212
257,0.61154,20,0,0.647,8.704,1.801,5,264,13,389.7,5.12,50,43.37610876,754.4467284,434.4432566,43.87593511
258,0.66351,20,0,0.647,7.333,1.8946,5,264,13,383.29,7.79,36,36.5638099,181.3653055,196.8690612,0.317881599
259,0.65665,20,0,0.647,6.842,2.0107,5,264,13,391.93,6.9,30.1,35.07013145,57.26242013,157.1845213,24.70220663
260,0.54011,20,0,0.647,7.203,2.1121,5,264,13,392.8,9.59,33.8,34.90607921,126.9496533,153.0978818,1.22341121
261,0.53412,20,0,0.647,7.52,2.1398,5,264,13,388.37,7.26,43.1,37.24694693,423.0094557,216.5059338,34.25823022
262,0.52014,20,0,0.647,8.398,2.2885,5,264,13,386.86,5.91,48.8,41.05576967,689.9654636,343.1001713,59.97310334
263,0.82526,20,0,0.647,7.327,2.0788,5,264,13,393.42,11.25,31,34.53452426,71.69336875,144.0412333,12.49286172
264,0.55007,20,0,0.647,7.206,1.9301,5,264,13,387.89,8.1,36.5,35.92108674,195.0824992,179.2460525,0.33514056
265,0.76162,20,0,0.647,5.56,1.9865,5,264,13,392.4,10.45,22.8,28.37036584,0.07139246,34.07710112,31.02897561
266,0.7857,20,0,0.647,7.014,2.1329,5,264,13,384.07,14.79,30.7,31.33119769,66.70305254,77.41169063,0.398410524
267,0.57834,20,0,0.575,8.297,2.4216,5,264,13,384.54,7.44,50,40.89673882,754.4467284,337.2340169,82.86936404
268,0.5405,20,0,0.575,7.47,2.872,5,264,13,390.3,3.16,43.5,39.3749014,439.6232106,283.6561665,17.01643846
269,0.09065,20,1,0.464,5.92,3.9175,3,223,18.6,391.34,13.65,20.7,25.72980129,3.359179022,10.22077681,25.29890102
270,0.29916,20,0,0.464,5.856,4.429,3,223,18.6,388.65,13,21.1,22.29635336,2.052933962,0.055910006,1.431261352
271,0.16211,20,0,0.464,6.24,4.429,3,223,18.6,396.9,6.59,25.2,27.19761498,7.113922105,21.76043976,3.990465592
272,0.1146,20,0,0.464,6.538,3.9175,3,223,18.6,394.96,7.73,24.4,28.48535191,3.486412223,35.43279895,16.69010023
273,0.22188,20,1,0.464,7.691,4.3665,3,223,18.6,390.77,6.58,35.2,35.46746826,160.4577956,167.3054793,0.071539269
274,0.05644,40,1,0.447,6.758,4.0776,4,254,17.6,396.9,3.53,32.4,36.11238118,97.36151104,184.4048534,13.78177406
275,0.09604,40,0,0.447,6.854,4.2673,4,254,17.6,396.9,2.98,32,33.75860695,89.6277561,126.0185998,3.092698419
276,0.10469,40,1,0.447,7.267,4.7872,4,254,17.6,389.25,6.05,33.2,35.59484836,113.7890209,170.6169423,5.735298687
277,0.06127,40,1,0.447,6.826,4.8628,4,254,17.6,393.45,4.16,33.1,34.83697537,111.6655822,151.392576,3.017083443
278,0.07978,40,0,0.447,6.482,4.1403,4,254,17.6,396.9,7.19,29.1,30.33560124,43.12803278,60.88360847,1.526710419
279,0.21038,20,0,0.4429,6.812,4.1007,5,216,14.9,396.9,4.85,35.1,35.31675872,157.9343569,163.4294388,0.046984342
280,0.03578,20,0,0.4429,7.82,4.6947,5,216,14.9,387.31,3.76,45.4,38.76148136,522.9085466,263.3698934,44.06992976
281,0.03705,20,0,0.4429,6.968,5.2447,5,216,14.9,392.23,4.59,35.4,34.31339349,165.5646731,138.782234,1.180713708
282,0.06129,20,1,0.4429,7.645,5.2119,5,216,14.9,377.07,3.01,46,40.33682963,550.709179,316.983246,32.07149859
283,0.01501,90,1,0.401,7.923,5.885,1,198,13.6,395.52,3.16,50,44.66565422,754.4467284,489.8629558,28.45524494
284,0.00906,90,0,0.4,7.088,7.3073,1,285,15.3,394.72,7.85,32.2,31.57348799,93.45463357,81.73392491,0.392517304
285,0.01096,55,0,0.389,6.453,7.3073,1,300,15.3,394.72,8.23,22,27.37181403,0.283882579,23.41599554,28.85638593
286,0.01965,80,0,0.385,6.23,9.0892,1,241,18.2,341.6,12.93,20.1,20.0788911,5.918546611,6.021699927,0.000445586
287,0.03871,52.5,0,0.405,6.209,7.3172,6,293,16.6,396.9,7.14,23.2,26.9739798,0.445147401,19.72402181,14.2429235
288,0.0459,52.5,0,0.405,6.315,7.3172,6,293,16.6,396.9,7.6,22.3,27.135774,0.054198785,21.18731143,23.38471018
289,0.04297,52.5,0,0.405,6.565,7.3172,6,293,16.6,371.72,9.51,24.8,26.85415161,5.140167164,18.6740251,4.219538845
290,0.03502,80,0,0.411,6.861,5.1167,4,245,19.2,396.9,3.33,28.5,33.39035934,35.60740037,117.8864575,23.91561449
291,0.07886,80,0,0.411,7.148,5.1167,4,245,19.2,396.9,3.56,37.3,34.35646829,218.0700091,139.7989822,8.664378951
292,0.03615,80,0,0.411,6.63,5.1167,4,245,19.2,396.9,4.7,27.9,31.79610525,28.80676795,85.80870699,15.17963612
293,0.08265,0,0,0.437,6.127,5.5027,4,289,16,396.9,8.58,23.9,25.66881365,1.869218547,9.834541948,3.128701728
294,0.08199,0,0,0.437,6.009,5.5027,4,289,16,396.9,10.4,21.7,24.26916439,0.693566373,3.014939347,6.600605683
295,0.12932,0,0,0.437,6.678,5.9604,4,289,16,396.9,6.27,28.6,28.28243343,36.8108391,33.05821188,0.100848525
296,0.05372,0,0,0.437,6.549,5.9604,4,289,16,392.85,7.39,27.1,27.17724507,20.85925807,21.57081128,0.005966801
297,0.14103,0,0,0.437,5.79,6.32,4,289,16,396.9,15.84,20.3,19.36728635,4.985424081,10.02051672,0.869954757
298,0.06466,70,0,0.4,6.345,7.8278,5,358,14.8,368.24,4.97,22.5,29.1189958,0.001076255,43.37789176,43.81110535
299,0.05561,70,0,0.4,7.041,7.8278,5,358,14.8,371.58,4.74,29,31.91715042,41.82459404,88.06591403,8.50976655
300,0.04417,70,0,0.4,6.871,7.8278,5,358,14.8,390.86,6.07,24.8,30.75636451,5.140167164,67.62690927,35.4782782
301,0.03537,34,0,0.433,6.59,5.4917,7,329,16.1,395.75,9.5,22,28.9178663,0.283882579,40.76899092,47.85687417
302,0.09266,34,0,0.433,6.495,5.4917,7,329,16.1,383.61,8.67,26.4,28.87136007,14.95518693,40.17726354,6.107620576
303,0.1,34,0,0.433,6.982,5.4917,7,329,16.1,390.43,4.86,33.1,32.77647561,111.6655822,104.9327604,0.104668031
304,0.05515,33,0,0.472,7.236,4.022,7,222,18.4,393.68,6.93,36.1,33.25139394,184.0687442,114.8881205,8.114556485
305,0.05479,33,0,0.472,6.616,3.37,7,222,18.4,393.36,8.93,28.4,30.81950536,34.42396163,68.66938098,5.854006206
306,0.07503,33,0,0.472,7.42,3.0992,7,222,18.4,396.9,6.47,33.4,35.59653891,118.0958984,170.661109,4.824783174
307,0.04932,33,0,0.472,6.849,3.1827,7,222,18.4,396.9,7.53,28.2,32.75001582,32.11708416,104.3913699,20.70264398
308,0.49298,0,0,0.544,6.635,3.3175,4,304,18.4,396.9,4.54,22.8,28.62086672,0.07139246,37.06447936,33.88248935
309,0.3494,0,0,0.544,5.972,3.1025,4,304,18.4,396.24,9.97,20.3,23.59304449,4.985424081,1.124104968,10.84414201
310,2.63548,0,0,0.544,4.973,2.5194,4,304,18.4,350.45,12.64,16.1,18.59663939,41.3809972,15.49341015,6.233208234
311,0.79041,0,0,0.544,6.122,2.6403,4,304,18.4,396.9,5.98,22.1,26.89671695,0.187321314,19.04371592,23.00849346
312,0.26169,0,0,0.544,6.023,2.834,4,304,18.4,396.3,11.72,19.4,23.2832318,9.814475464,0.563138401,15.07948924
313,0.26938,0,0,0.544,6.266,3.2628,4,304,18.4,393.39,7.9,21.6,25.53538625,0.870127638,9.015486199,15.48726492
314,0.3692,0,0,0.544,6.567,3.6023,4,304,18.4,395.69,9.28,23.8,25.46227771,1.605779812,8.581802601,2.763167185
315,0.25356,0,0,0.544,5.705,3.945,4,304,18.4,396.42,11.5,16.2,20.5329026,40.10443594,3.999614922,18.77404491
316,0.31827,0,0,0.544,5.914,3.9986,4,304,18.4,390.7,18.33,17.8,17.61785971,22.3994557,24.1567002,0.033175085
317,0.24522,0,0,0.544,5.782,4.0317,4,304,18.4,396.9,15.94,19.8,18.38123276,7.468230405,17.23556304,2.012900476
318,0.40202,0,0,0.544,6.382,3.5325,4,304,18.4,395.21,10.36,23.1,24.29074248,0.321708666,3.090339535,1.417867658
319,0.47547,0,0,0.544,6.113,4.0019,4,304,18.4,396.23,12.73,21,21.33040072,2.349495227,1.445779232,0.109164637
320,0.1676,0,0,0.493,6.426,4.5404,5,287,19.6,396.9,7.2,23.8,24.89664068,1.605779812,5.587712862,1.202620781
321,0.18159,0,0,0.493,6.376,4.5404,5,287,19.6,396.9,6.87,23.1,24.87750216,0.321708666,5.497598582,3.159513943
322,0.35114,0,0,0.493,6.041,4.7211,5,287,19.6,396.9,7.7,20.4,22.88209805,4.548862816,0.122004713,6.16081075
323,0.28392,0,0,0.493,5.708,4.7211,5,287,19.6,391.13,11.74,18.5,19.4584869,16.26352685,9.451439909,0.918697141
324,0.34109,0,0,0.493,6.415,4.7211,5,287,19.6,396.9,6.12,25,25.13069387,6.087044634,6.749019722,0.017080889
325,0.19186,0,0,0.493,6.431,5.4159,5,287,19.6,393.68,5.08,24.6,24.68412605,4.273289694,4.628176546,0.007077192
326,0.30347,0,0,0.493,6.312,5.4159,5,287,19.6,396.9,6.15,23,23.69040112,0.218269931,1.340025716,0.476653709
327,0.24103,0,0,0.493,6.083,5.4159,5,287,19.6,396.9,12.79,22.2,19.35653922,0.110760049,10.08867273,8.085269219
328,0.06617,0,0,0.46,5.868,5.2146,4,430,16.9,382.44,9.97,19.3,21.33984255,10.45103673,1.423162562,4.160957637
329,0.06724,0,0,0.46,6.333,5.2146,4,430,16.9,375.21,7.34,22.6,24.41466956,0.00451499,3.541409254,3.293025627
330,0.04544,0,0,0.46,6.144,5.8736,4,430,16.9,368.57,9.09,19.8,21.73853898,7.468230405,0.630860608,3.757933392
331,0.05023,35,0,0.4379,5.706,6.6407,1,304,16.9,394.02,12.43,17.1,19.99407938,29.51538456,6.445134507,8.375695446
332,0.03466,35,0,0.4379,6.031,6.6407,1,304,16.9,362.25,7.83,19.4,23.33978617,9.814475464,0.651216465,15.52191503
333,0.05083,0,0,0.515,6.316,6.4584,5,224,20.2,389.71,5.68,22.2,22.14883695,0.110760049,0.147432482,0.002617658
334,0.03738,0,0,0.515,6.31,6.4584,5,224,20.2,389.4,6.75,20.7,21.56542033,3.359179022,0.935835665,0.748952344
335,0.03961,0,0,0.515,6.037,5.9853,5,224,20.2,396.9,8.01,21.1,20.64481217,2.052933962,3.564521941,0.207195964
336,0.03427,0,0,0.515,5.869,5.2311,5,224,20.2,396.9,9.8,19.5,20.19706256,9.1979142,5.455698922,0.485896215
337,0.03041,0,0,0.515,5.895,5.615,5,224,20.2,394.81,10.56,18.5,19.30666206,16.26352685,10.40800684,0.650703673
338,0.03306,0,0,0.515,6.059,4.8122,5,224,20.2,396.14,8.51,20.6,22.21187576,3.735740287,0.10299643,2.598143453
339,0.05497,0,0,0.515,5.985,4.8122,5,224,20.2,396.9,9.74,19,21.29245231,12.48072052,1.538478075,5.255337603
340,0.06151,0,0,0.515,5.968,4.8122,5,224,20.2,396.9,9.29,18.7,21.46228618,14.69040432,1.146013388,7.630224918
341,0.01301,35,0,0.442,7.241,7.0379,1,284,15.5,394.74,5.49,32.7,30.36406799,103.3718272,61.32865922,5.456578374
342,0.02498,0,0,0.518,6.54,6.2669,1,422,15.9,389.96,8.65,16.5,22.22227454,36.39475214,0.09642999,32.74442589
343,0.02543,55,0,0.484,6.696,5.7321,5,370,17.6,396.9,7.18,23.9,27.75906932,1.869218547,27.31382488,14.892416
344,0.03049,55,0,0.484,6.874,6.4654,5,370,17.6,387.97,4.61,31.2,28.6006417,75.12024622,36.8186262,6.756663551
345,0.03113,0,0,0.442,6.014,8.0136,3,352,18.8,385.64,10.53,17.5,16.59292919,25.3291395,35.28214039,0.822777458
346,0.06162,0,0,0.442,5.898,8.0136,3,352,18.8,364.61,12.67,17.2,14.83469547,28.43882329,59.26091069,5.59466551
347,0.0187,85,0,0.429,6.516,8.5353,4,351,17.9,392.43,6.36,23.1,25.24846521,0.321708666,7.374803185,4.615902759
348,0.01501,80,0,0.435,6.635,8.344,4,280,17,390.94,5.99,24.5,27.52270812,3.869850958,24.89911989,9.136764355
349,0.02899,40,0,0.429,6.939,8.7921,1,335,19.7,389.85,5.89,26.6,22.21902921,16.5420644,0.098456075,19.19290503
350,0.06211,40,0,0.429,6.49,8.7921,1,335,19.7,396.9,5.98,22.9,20.52705161,0.134831196,4.023051989,5.630884081
351,0.0795,60,0,0.411,6.579,10.7103,4,411,18.3,370.78,5.49,24.1,20.56923779,2.456096018,3.855601388,12.46628178
352,0.07244,60,0,0.411,5.884,10.7103,4,411,18.3,392.33,7.79,18.6,16.92632609,15.46696558,31.43262057,2.801184344
353,0.01709,90,0,0.41,6.728,12.1265,5,187,17,384.46,4.5,30.1,25.23770369,57.26242013,7.316469782,23.64192537
354,0.04301,80,0,0.413,5.663,10.5857,4,334,22,382.8,8.05,18.2,14.33864613,18.77321064,67.14426135,14.91005374
355,0.10659,80,0,0.413,5.936,10.5857,4,334,22,376.04,5.57,20.6,16.60277085,3.735740287,35.16532068,15.97784085
356,8.98296,0,1,0.77,6.212,2.1222,24,666,20.2,377.73,17.6,17.8,19.6816874,22.3994557,8.128879142,3.540747456
357,3.8497,0,1,0.77,6.395,2.5052,24,666,20.2,391.34,13.27,21.7,22.75155248,0.693566373,0.047849881,1.105762618
358,5.20177,0,1,0.77,6.127,2.7227,24,666,20.2,395.43,11.48,22.7,22.23498804,0.027953725,0.088695729,0.216236121
359,4.26131,0,0,0.77,6.112,2.5091,24,666,20.2,390.74,12.67,22.6,19.21453963,0.00451499,11.01089388,11.46134194
360,4.54192,0,0,0.77,6.398,2.5182,24,666,20.2,374.56,7.79,25,22.65760953,6.087044634,0.015575841,5.486793105
361,3.83684,0,0,0.77,6.251,2.2955,24,666,20.2,350.65,14.19,19.9,18.94062629,6.93166914,12.90375737,0.920397908
362,3.67822,0,0,0.77,5.362,2.1036,24,666,20.2,380.79,10.19,20.8,18.23534943,3.002617757,18.46813574,6.577432536
363,4.22239,0,1,0.77,5.803,1.9047,24,666,20.2,353.04,14.64,16.8,20.28482003,32.86506835,5.053442361,12.14397067
364,3.47428,0,1,0.718,8.78,1.9047,24,666,20.2,354.55,5.29,21.9,37.48718336,0.400443844,223.6333925,242.960285
365,4.55587,0,0,0.718,3.561,1.6132,24,666,20.2,354.7,7.12,27.5,14.29084765,24.67301301,67.92988275,174.4817058
366,3.69695,0,0,0.718,4.963,1.7523,24,666,20.2,316.03,14,21.9,15.55104421,0.400443844,48.74500222,40.30923962
367,13.5222,0,0,0.631,3.863,1.5106,24,666,20.2,131.42,13.33,23.1,10.8099937,0.321708666,137.4243358,151.0442549
368,4.89822,0,0,0.631,4.97,1.3325,24,666,20.2,375.52,3.26,50,23.7517662,754.4467284,1.485863184,688.9697775
369,5.66998,0,1,0.631,6.683,1.3567,24,666,20.2,375.33,3.73,50,32.61543588,754.4467284,101.6594187,302.2230697
370,6.53876,0,1,0.631,7.016,1.2024,24,666,20.2,392.05,2.96,50,34.57541454,754.4467284,145.0244125,237.9178367
371,9.2323,0,0,0.631,6.216,1.1691,24,666,20.2,366.15,9.53,50,24.89880971,754.4467284,5.597972022,630.069754
372,8.26725,0,1,0.668,5.875,1.1296,24,666,20.2,347.88,8.88,50,26.01160418,754.4467284,12.10203452,575.443134
373,11.1081,0,0,0.668,4.906,1.1742,24,666,20.2,396.9,34.77,13.8,6.16040322,76.26190629,268.0555834,58.36343896
374,18.4982,0,0,0.668,4.138,1.137,24,666,20.2,396.9,37.97,13.8,0.82289602,76.26190629,471.3202054,168.4052277
375,19.6091,0,0,0.671,7.313,1.3163,24,666,20.2,396.9,13.44,15,25.27216335,56.74317112,7.504076915,105.5173399
376,15.288,0,0,0.671,6.649,1.3449,24,666,20.2,363.02,23.24,13.9,17.73705297,74.52534503,22.99925023,14.72297549
377,9.82349,0,0,0.671,6.794,1.358,24,666,20.2,396.9,21.24,13.3,20.22136748,85.24471262,5.342749512,47.90532785
378,23.6482,0,0,0.671,6.38,1.3861,24,666,20.2,396.9,23.69,13.1,15.82659165,88.97783515,44.97331526,7.434302026
379,17.8667,0,0,0.671,6.223,1.3861,24,666,20.2,393.74,21.78,10.2,16.82523305,152.0981118,32.57639268,43.89371297
380,88.9762,0,0,0.671,6.968,1.4165,24,666,20.2,396.9,17.21,10.4,14.32144717,147.2049893,67.42641916,15.37774791
381,15.8744,0,0,0.671,6.545,1.5192,24,666,20.2,396.9,21.08,10.9,18.4618432,135.322183,16.57274076,57.18147258
382,9.18702,0,0,0.7,5.536,1.5804,24,666,20.2,396.9,23.6,11.3,13.43873155,126.1759379,82.70219596,4.574172652
383,7.99248,0,0,0.7,5.52,1.5331,24,666,20.2,396.9,24.56,12.3,13.0763028,104.7103253,89.42545894,0.602646034
384,20.0849,0,0,0.7,4.368,1.4395,24,666,20.2,285.83,30.63,8.8,3.32062499,188.5899695,369.1079116,30.0235505
385,16.8118,0,0,0.7,5.277,1.4261,24,666,20.2,396.9,30.81,7.2,8.08996861,235.0949498,208.5955612,0.792044127
386,24.3938,0,0,0.7,4.652,1.4672,24,666,20.2,396.9,28.28,10.5,6.15290784,144.788428,268.3010743,18.89721025
387,22.5971,0,0,0.7,5,1.5184,24,666,20.2,396.9,31.99,7.4,5.65535468,229.0018272,284.848374,3.043787293
388,14.3337,0,0,0.7,4.88,1.5895,24,666,20.2,372.92,30.62,10.2,6.48173227,152.0981118,257.6369783,13.82551491
389,8.15174,0,0,0.7,5.39,1.7281,24,666,20.2,396.9,20.85,11.5,14.21260051,121.7228154,69.22582472,7.358201549
390,6.96215,0,0,0.7,5.713,1.9265,24,666,20.2,394.43,17.11,15.1,17.20487019,55.24660985,28.38690345,4.430478517
391,5.29305,0,0,0.7,6.051,2.1678,24,666,20.2,378.38,18.76,23.2,17.29899792,0.445147401,27.39275041,34.82182555
392,11.5779,0,0,0.7,5.036,1.77,24,666,20.2,396.9,25.68,9.7,9.90873624,164.6809182,159.3671455,0.043570818
393,8.64476,0,0,0.693,6.193,1.7912,24,666,20.2,396.9,15.17,13.8,20.20765258,76.26190629,5.406339952,41.05801153
394,13.3598,0,0,0.693,5.887,1.7821,24,666,20.2,396.9,16.35,12.7,17.93016821,96.68408021,21.18427761,27.3546595
395,8.71675,0,0,0.693,6.471,1.7257,24,666,20.2,391.98,17.12,13.1,20.28963951,88.97783515,5.031797356,51.69091628
396,5.87205,0,0,0.693,6.405,1.6768,24,666,20.2,396.9,19.37,12.5,19.28999842,100.6572027,10.5158031,46.10407854
397,7.67202,0,0,0.693,5.747,1.6334,24,666,20.2,393.1,19.92,8.5,16.33544205,196.9196533,38.40732392,61.39415215
398,38.3518,0,0,0.693,5.453,1.4896,24,666,20.2,396.9,30.59,5,6.56593176,307.3992976,254.9410833,2.452142277
399,9.91655,0,0,0.693,5.852,1.5004,24,666,20.2,338.16,29.97,6.3,10.9267601,263.5040012,134.700309,21.40690902
400,25.0461,0,0,0.693,5.987,1.5888,24,666,20.2,396.9,26.77,5.6,11.8865802,286.71993,113.3421307,39.52109061
401,14.2362,0,0,0.693,6.343,1.5741,24,666,20.2,396.9,20.32,7.2,17.80445565,235.0949498,22.3573001,112.4544796
402,9.59571,0,0,0.693,6.404,1.639,24,666,20.2,376.11,20.31,12.1,18.25438514,108.8434478,18.30488786,37.8764564
403,24.8017,0,0,0.693,5.349,1.7028,24,666,20.2,396.9,19.77,8.3,12.97568456,202.5727759,91.33857641,21.8620261
404,41.5292,0,0,0.693,5.531,1.6074,24,666,20.2,329.46,27.38,8.5,7.39254034,196.9196533,229.2276541,1.226466899
405,67.9208,0,0,0.693,5.683,1.4254,24,666,20.2,384.97,22.98,5,8.1968885,307.3992976,205.5185399,10.22009608
406,20.7162,0,0,0.659,4.138,1.1781,24,666,20.2,370.22,23.34,11.9,8.07501285,113.0565703,209.0277921,14.6305267
407,11.9511,0,0,0.659,5.608,1.2852,24,666,20.2,332.09,12.13,27.9,19.95737052,28.80676795,6.632869581,63.08536306
408,7.40389,0,0,0.597,5.617,1.4547,24,666,20.2,314.64,26.4,17.2,13.68901483,28.43882329,78.21264792,12.32701684
409,14.4383,0,0,0.597,6.852,1.4655,24,666,20.2,179.36,19.78,27.5,19.80684763,24.67301301,7.430850802,59.18459339
410,51.1358,0,0,0.597,5.757,1.413,24,666,20.2,2.6,10.11,15,15.15412738,56.74317112,54.44490296,0.023755249
411,14.0507,0,0,0.597,6.657,1.5275,24,666,20.2,35.05,21.22,17.2,16.92037707,28.43882329,31.49936213,0.078188983
412,18.811,0,0,0.597,4.628,1.5539,24,666,20.2,28.79,34.37,17.9,1.72109887,21.46289444,433.1271672,261.7568418
413,28.6558,0,0,0.597,5.155,1.5894,24,666,20.2,210.97,20.08,16.3,11.7666029,38.84787467,115.9111362,20.55168927
414,45.7461,0,0,0.693,4.519,1.6582,24,666,20.2,88.27,36.98,7,-4.24764698,241.2680723,717.1926792,126.5095626
415,18.0846,0,0,0.679,6.434,1.8347,24,666,20.2,27.25,29.05,7.2,9.58745807,235.0949498,167.5820414,5.699956036
416,10.8342,0,0,0.679,6.782,1.8195,24,666,20.2,21.57,25.79,7.5,13.36989927,225.985266,83.95886568,34.45571744
417,25.9406,0,0,0.679,5.304,1.6475,24,666,20.2,127.36,26.64,10.4,6.90998211,147.2049893,244.0726364,12.18022487
418,73.5341,0,0,0.679,5.957,1.8026,24,666,20.2,16.45,20.62,8.8,6.11636274,188.5899695,269.49962,7.201908943
419,11.8123,0,0,0.718,6.824,1.794,24,666,20.2,48.45,22.74,8.4,14.62785428,199.7362146,62.48826682,38.78616893
420,11.0874,0,0,0.718,6.411,1.8589,24,666,20.2,318.75,15.02,16.7,19.58775841,34.02162961,8.673307216,8.339148635
421,7.02259,0,0,0.718,6.006,1.8746,24,666,20.2,319.98,15.7,14.2,18.12137142,69.43566124,19.46075788,15.37715384
422,12.0482,0,0,0.614,5.648,1.9512,24,666,20.2,291.55,14.1,20.8,18.48014668,3.002617757,16.42405019,5.381719426
423,7.05042,0,0,0.614,6.103,2.0218,24,666,20.2,2.52,23.29,13.4,13.15557641,83.40815135,87.93244082,0.05974289
424,8.79212,0,0,0.584,5.565,2.0635,24,666,20.2,3.65,17.16,11.7,14.59459674,117.3496929,63.01517137,8.378690299
425,15.8603,0,0,0.679,5.896,1.9096,24,666,20.2,7.68,24.39,8.3,9.92482316,202.5727759,158.9612395,2.640050301
426,12.2472,0,0,0.584,5.837,1.9976,24,666,20.2,24.65,15.69,10.2,16.3159922,152.0981118,38.64877785,37.40536059
427,37.6619,0,0,0.679,6.202,1.8629,24,666,20.2,18.82,14.52,10.9,14.05619241,135.322183,71.85298345,9.961550529
428,7.36711,0,0,0.679,6.193,1.9356,24,666,20.2,96.73,21.52,11,14.26377696,133.0056217,68.37684669,10.65224002
429,9.33889,0,0,0.679,6.38,1.9682,24,666,20.2,60.72,24.08,9.5,13.03952418,169.8540407,90.12240579,12.52823145
430,8.49213,0,0,0.584,6.348,2.0527,24,666,20.2,83.45,17.64,14.5,18.11118162,64.52597744,19.55076504,13.04063268
431,10.0623,0,0,0.584,6.833,2.0882,24,666,20.2,81.33,19.69,14.1,18.64071434,71.1122225,15.14838001,20.61808672
432,6.44405,0,0,0.584,6.425,2.2004,24,666,20.2,97.95,12.03,16.1,21.4720809,41.3809972,1.125138425,28.8592532
433,5.58107,0,0,0.713,6.436,2.3158,24,666,20.2,100.19,16.22,14.3,17.02482195,67.77909997,30.33789184,7.42465467
434,13.9134,0,0,0.713,6.208,2.2222,24,666,20.2,100.63,15.17,11.7,15.9473713,117.3496929,43.36795446,18.04016296
435,11.1604,0,0,0.74,6.629,2.1247,24,666,20.2,109.85,23.27,13.4,13.37534235,83.40815135,83.85914644,0.000608
436,14.4208,0,0,0.74,6.461,2.0026,24,666,20.2,27.49,18.05,9.6,14.52752886,167.2574794,64.08446728,24.28054067
437,15.1772,0,0,0.74,6.152,1.9142,24,666,20.2,9.32,26.45,8.7,8.84397438,191.3465308,187.38412,0.020728622
438,13.6781,0,0,0.74,5.935,1.8206,24,666,20.2,68.95,34.02,8.4,4.91972334,199.7362146,310.2206922,12.11232563
439,9.39063,0,0,0.74,5.627,1.8172,24,666,20.2,396.9,22.88,12.8,13.09036647,94.72751894,89.15967044,0.084312686
440,22.0511,0,0,0.74,5.818,1.8662,24,666,20.2,391.45,22.11,10.5,12.72265182,144.788428,96.23913139,4.940181113
441,9.72418,0,0,0.74,6.406,2.0651,24,666,20.2,385.96,19.52,17.1,17.29980972,29.51538456,27.38425348,0.039923923
442,5.66637,0,0,0.74,6.219,2.0048,24,666,20.2,395.69,16.59,18.4,18.74049393,17.08008811,14.38163328,0.115936118
443,9.96654,0,0,0.74,6.485,1.9784,24,666,20.2,386.73,18.85,15.4,18.06058438,50.87692606,20.00076908,7.078709264
444,12.8023,0,0,0.74,5.854,1.8956,24,666,20.2,240.52,23.79,10.8,11.53657696,137.6587442,120.9170602,0.542545618
445,10.6718,0,0,0.74,6.459,1.9879,24,666,20.2,43.06,23.98,11.8,11.99404295,115.1931316,111.0655335,0.037652666
446,6.28807,0,0,0.74,6.341,2.072,24,666,20.2,318.01,17.79,14.9,17.68704341,58.25973238,23.4814182,7.76761098
447,9.92485,0,0,0.74,6.251,2.198,24,666,20.2,388.52,16.44,12.6,18.12384526,98.66064147,19.43893766,30.51286646
448,9.32909,0,0,0.713,6.185,2.2616,24,666,20.2,396.9,18.13,14.1,17.50647632,71.1122225,25.26399327,11.60408095
449,7.52601,0,0,0.713,6.417,2.185,24,666,20.2,304.21,19.31,13,17.21955722,90.87439641,28.23061608,17.8046631
450,6.71772,0,0,0.713,6.749,2.3236,24,666,20.2,0.32,17.44,13.4,16.51350383,83.40815135,36.23200249,9.693906112
451,5.44114,0,0,0.713,6.655,2.3552,24,666,20.2,355.29,17.73,15.2,19.39703238,53.77004859,9.833078203,17.61508083
452,5.09017,0,0,0.713,6.297,2.3682,24,666,20.2,385.09,17.27,16.1,18.57223563,41.3809972,15.68612021,6.11194902
453,8.24809,0,0,0.713,7.393,2.4527,24,666,20.2,375.87,16.74,17.8,22.46156955,22.3994557,0.005074677,21.73023071
454,9.51363,0,0,0.713,6.728,2.4961,24,666,20.2,6.68,18.71,14.9,15.26854884,58.25973238,52.76943682,0.135828246
455,4.75237,0,0,0.713,6.525,2.4358,24,666,20.2,50.92,18.13,14.1,15.81749443,71.1122225,45.09541381,2.949787124
456,4.66883,0,0,0.713,5.976,2.5806,24,666,20.2,10.48,19.01,12.7,12.68734881,96.68408021,96.9330337,0.000160053
457,8.20058,0,0,0.713,5.936,2.7792,24,666,20.2,3.5,16.94,13.5,12.87286089,81.59159009,93.31454583,0.393303466
458,7.75223,0,0,0.713,6.301,2.7831,24,666,20.2,272.21,16.23,14.9,17.1732735,58.25973238,28.72459211,5.167772397
459,6.80117,0,0,0.713,6.081,2.7175,24,666,20.2,396.9,14.7,20,18.49713252,6.415107875,16.28666304,2.258610656
460,4.81213,0,0,0.713,6.701,2.5975,24,666,20.2,255.23,16.42,16.4,19.03245746,37.61131341,12.25244218,6.929832268
461,3.69311,0,0,0.713,6.376,2.5671,24,666,20.2,391.43,14.65,17.7,20.15527931,23.35601697,5.652634722,6.02839647
462,6.65492,0,0,0.713,6.317,2.7344,24,666,20.2,396.9,13.99,19.5,19.75598299,9.1979142,7.710747818,0.065527292
463,5.82115,0,0,0.713,6.513,2.8016,24,666,20.2,393.82,10.29,20.2,22.39614382,5.441985346,0.01867664,4.823047678
464,7.83932,0,0,0.655,6.209,2.9634,24,666,20.2,396.9,13.22,21.4,20.28540293,1.283250168,5.050822007,1.242326624
465,3.1636,0,0,0.655,5.759,3.0665,24,666,20.2,334.4,14.13,19.9,17.87081761,6.93166914,21.73413877,4.117581172
466,3.77498,0,0,0.655,5.952,2.8715,24,666,20.2,22.01,17.15,19,14.34585032,12.48072052,67.02624865,21.66110926
467,4.42228,0,0,0.584,6.003,2.5403,24,666,20.2,331.29,21.32,19.1,16.89470484,11.78415926,31.78818837,4.863326752
468,15.5757,0,0,0.58,5.926,2.9084,24,666,20.2,368.74,18.13,19.1,16.92837104,11.78415926,31.40969485,4.71597234
469,13.0751,0,0,0.58,5.713,2.8237,24,666,20.2,396.9,14.76,20.1,18.53917697,5.918546611,15.94907542,2.436168531
470,4.34879,0,0,0.58,6.167,3.0334,24,666,20.2,396.9,16.29,19.9,20.09843818,6.93166914,5.926148242,0.039377713
471,4.03841,0,0,0.532,6.229,3.0993,24,666,20.2,395.33,12.87,19.6,22.87615265,8.601352935,0.117886697,10.73317616
472,3.56868,0,0,0.58,6.437,2.8965,24,666,20.2,393.37,14.36,23.2,22.38957374,0.445147401,0.020515574,0.656790726
473,4.64689,0,0,0.614,6.98,2.5329,24,666,20.2,374.68,11.66,29.8,25.52612929,52.81210392,8.959982402,18.26597081
474,8.05579,0,0,0.584,5.427,2.4298,24,666,20.2,352.58,18.14,13.8,16.3359191,76.26190629,38.40141122,6.430885702
475,6.39312,0,0,0.584,6.162,2.206,24,666,20.2,302.76,24.1,13.3,16.06637279,85.24471262,41.81476263,7.652818424
476,4.87141,0,0,0.614,6.484,2.3053,24,666,20.2,396.21,18.68,16.7,20.48751325,34.02162961,4.183223775,14.34525659
477,15.0234,0,0,0.614,5.304,2.1007,24,666,20.2,349.48,24.91,12,11.51616895,110.9400091,121.366299,0.234092485
478,10.233,0,0,0.614,6.185,2.1705,24,666,20.2,379.7,18.03,14.6,19.15700145,62.92941618,11.39605855,20.76626222
479,14.3337,0,0,0.614,6.229,1.9512,24,666,20.2,383.32,13.11,21.4,21.81196308,1.283250168,0.519614983,0.169713579
480,5.82401,0,0,0.532,6.242,3.4242,24,666,20.2,396.9,10.74,23,23.37477518,0.218269931,0.708911548,0.140456433
481,5.70818,0,0,0.532,6.75,3.3317,24,666,20.2,393.07,7.74,23.7,26.9887997,1.362341077,19.85587695,10.81620345
482,5.73116,0,0,0.532,7.061,3.4106,24,666,20.2,395.28,7.01,25,28.45288324,6.087044634,35.04731064,11.92240264
483,2.81838,0,0,0.532,5.762,4.0983,24,666,20.2,392.92,10.42,21.8,20.9998064,0.537005109,2.350088773,0.640309801
484,2.37857,0,0,0.583,5.871,3.724,24,666,20.2,370.73,13.34,20.6,19.40203881,3.735740287,9.801705215,1.435111008
485,3.67367,0,0,0.583,6.312,3.9917,24,666,20.2,388.62,10.58,21.2,22.14731278,1.776372698,0.148605271,0.897401507
486,5.69175,0,0,0.583,6.114,3.5459,24,666,20.2,392.68,14.98,19.1,19.57959977,11.78415926,8.721428951,0.230015939
487,4.83567,0,0,0.583,5.905,3.1523,24,666,20.2,388.22,11.45,20.6,21.26869116,3.735740287,1.597987143,0.44714787
488,0.15086,0,0,0.609,5.454,1.8209,4,711,20.1,395.09,18.06,15.2,11.77876275,53.77004859,115.6494533,11.70486435
489,0.18337,0,0,0.609,5.414,1.7554,4,711,20.1,344.05,23.97,7,8.157708512,241.2680723,206.6434371,1.340288999
490,0.20746,0,0,0.609,5.093,1.8226,4,711,20.1,318.43,29.68,8.1,3.612162116,208.3058984,357.9907772,20.14068887
491,0.10574,0,0,0.609,5.983,1.8681,4,711,20.1,390.11,18.07,13.6,13.67270471,79.79502882,78.50140054,0.005285975
492,0.11132,0,0,0.609,5.983,2.1099,4,711,20.1,396.9,13.35,20.1,15.84098398,5.918546611,44.78048626,18.13921744
493,0.17331,0,0,0.585,5.707,2.3817,6,391,19.2,396.9,12.01,21.8,20.72366481,0.537005109,3.272993033,1.15849745
494,0.27957,0,0,0.585,5.926,2.3817,6,391,19.2,396.9,13.59,24.5,20.71898862,3.869850958,3.289934656,14.29604704
495,0.17899,0,0,0.585,5.67,2.7986,6,391,19.2,393.29,17.6,23.1,17.00517626,0.321708666,30.55469408,37.14687637
496,0.2896,0,0,0.585,5.39,2.7986,6,391,19.2,396.9,21.14,19.7,14.11230714,8.02479167,70.90480651,31.2223115
497,0.26838,0,0,0.585,5.794,2.8927,6,391,19.2,396.9,14.1,18.3,19.18909472,17.91664938,11.1804073,0.790489418
498,0.23912,0,0,0.585,6.019,2.4091,6,391,19.2,396.9,12.92,21.2,21.38616422,1.776372698,1.31478811,0.034657118
499,0.17783,0,0,0.585,5.569,2.3999,6,391,19.2,395.77,15.1,17.5,18.5460439,25.3291395,15.89427464,1.094207837
500,0.22438,0,0,0.585,6.027,2.4982,6,391,19.2,396.9,14.33,16.8,20.54830927,32.86506835,3.938228566,14.04982237
501,0.06263,0,0,0.573,6.593,2.4786,1,273,21,391.99,9.67,22.4,23.53567049,0.01763752,1.005736531,1.289747457
502,0.04527,0,0,0.573,6.12,2.2875,1,273,21,396.9,9.08,20.6,22.37864748,3.735740287,0.023764949,3.163586865
503,0.06076,0,0,0.573,6.976,2.1675,1,273,21,396.9,5.64,23.9,27.60800597,1.869218547,25.75765141,13.74930824
504,0.10959,0,0,0.573,6.794,2.3889,1,273,21,393.45,6.48,22,26.10926881,0.283882579,12.79108394,16.88609019
505,0.04741,0,0,0.573,6.03,2.505,1,273,21,396.9,7.88,11.9,22.33872926,113.0565703,0.037665908,108.9670685
,,,,,,,,,,,Y_bar,22.53280632,,42716.29542,31652.20521,11081.3923
,,,,,,,,,,,,,,,,
,,,,,,,,,,,,,r-sqare,0.740986663,RMSE,4.679741957
